,key,productID,instruments,coveragePct,thumbnail,reduced_resolution_browse,blue,green,red,nir08,ANG.txt,MTL.txt,MTL.xml,MTL.json,qa_pixel,qa_radsat
0,LE07_L2SP_040033_20201227_20210124_02_T2_SR,LE70400332020362EDC00,['ETM'],100.0,s3://usgs-landsat/collection02/level-2/standard/etm/2020/040/033/LE07_L2SP_040033_20201227_20210124_02_T2/LE07_L2SP_040033_20201227_20210124_02_T2_thumb_small.jpeg,s3://usgs-landsat/collection02/level-2/standard/etm/2020/040/033/LE07_L2SP_040033_20201227_20210124_02_T2/LE07_L2SP_040033_20201227_20210124_02_T2_thumb_large.jpeg,s3://usgs-landsat/collection02/level-2/standard/etm/2020/040/033/LE07_L2SP_040033_20201227_20210124_02_T2/LE07_L2SP_040033_20201227_20210124_02_T2_SR_B1.TIF,s3://usgs-landsat/collection02/level-2/standard/etm/2020/040/033/LE07_L2SP_040033_20201227_20210124_02_T2/LE07_L2SP_040033_20201227_20210124_02_T2_SR_B2.TIF,s3://usgs-landsat/collection02/level-2/standard/etm/2020/040/033/LE07_L2SP_040033_20201227_20210124_02_T2/LE07_L2SP_040033_20201227_20210124_02_T2_SR_B3.TIF,s3://usgs-landsat/collection02/level-2/standard/etm/2020/040/033/LE07_L2SP_040033_20201227_20210124_02_T2/LE07_L2SP_040033_20201227_20210124_02_T2_SR_B4.TIF,s3://usgs-landsat/collection02/level-2/standard/etm/2020/040/033/LE07_L2SP_040033_20201227_20210124_02_T2/LE07_L2SP_040033_20201227_20210124_02_T2_ANG.txt,s3://usgs-landsat/collection02/level-2/standard/etm/2020/040/033/LE07_L2SP_040033_20201227_20210124_02_T2/LE07_L2SP_040033_20201227_20210124_02_T2_MTL.txt,s3://usgs-landsat/collection02/level-2/standard/etm/2020/040/033/LE07_L2SP_040033_20201227_20210124_02_T2/LE07_L2SP_040033_20201227_20210124_02_T2_MTL.xml,s3://usgs-landsat/collection02/level-2/standard/etm/2020/040/033/LE07_L2SP_040033_20201227_20210124_02_T2/LE07_L2SP_040033_20201227_20210124_02_T2_MTL.json,s3://usgs-landsat/collection02/level-2/standard/etm/2020/040/033/LE07_L2SP_040033_20201227_20210124_02_T2/LE07_L2SP_040033_20201227_20210124_02_T2_QA_PIXEL.TIF,s3://usgs-landsat/collection02/level-2/standard/etm/2020/040/033/LE07_L2SP_040033_20201227_20210124_02_T2/LE07_L2SP_040033_20201227_20210124_02_T2_QA_RADSAT.TIF
1,LC08_L2SP_040033_20201219_20210310_02_T1_SR,LC80400332020354LGN00,"['OLI', 'TIRS']",1.3,s3://usgs-landsat/collection02/level-2/standard/oli-tirs/2020/040/033/LC08_L2SP_040033_20201219_20210310_02_T1/LC08_L2SP_040033_20201219_20210310_02_T1_thumb_small.jpeg,s3://usgs-landsat/collection02/level-2/standard/oli-tirs/2020/040/033/LC08_L2SP_040033_20201219_20210310_02_T1/LC08_L2SP_040033_20201219_20210310_02_T1_thumb_large.jpeg,s3://usgs-landsat/collection02/level-2/standard/oli-tirs/2020/040/033/LC08_L2SP_040033_20201219_20210310_02_T1/LC08_L2SP_040033_20201219_20210310_02_T1_SR_B2.TIF,s3://usgs-landsat/collection02/level-2/standard/oli-tirs/2020/040/033/LC08_L2SP_040033_20201219_20210310_02_T1/LC08_L2SP_040033_20201219_20210310_02_T1_SR_B3.TIF,s3://usgs-landsat/collection02/level-2/standard/oli-tirs/2020/040/033/LC08_L2SP_040033_20201219_20210310_02_T1/LC08_L2SP_040033_20201219_20210310_02_T1_SR_B4.TIF,s3://usgs-landsat/collection02/level-2/standard/oli-tirs/2020/040/033/LC08_L2SP_040033_20201219_20210310_02_T1/LC08_L2SP_040033_20201219_20210310_02_T1_SR_B5.TIF,s3://usgs-landsat/collection02/level-2/standard/oli-tirs/2020/040/033/LC08_L2SP_040033_20201219_20210310_02_T1/LC08_L2SP_040033_20201219_20210310_02_T1_ANG.txt,s3://usgs-landsat/collection02/level-2/standard/oli-tirs/2020/040/033/LC08_L2SP_040033_20201219_20210310_02_T1/LC08_L2SP_040033_20201219_20210310_02_T1_MTL.txt,s3://usgs-landsat/collection02/level-2/standard/oli-tirs/2020/040/033/LC08_L2SP_040033_20201219_20210310_02_T1/LC08_L2SP_040033_20201219_20210310_02_T1_MTL.xml,s3://usgs-landsat/collection02/level-2/standard/oli-tirs/2020/040/033/LC08_L2SP_040033_20201219_20210310_02_T1/LC08_L2SP_040033_20201219_20210310_02_T1_MTL.json,s3://usgs-landsat/collection02/level-2/standard/oli-tirs/2020/040/033/LC08_L2SP_040033_20201219_20210310_02_T1/LC08_L2SP_040033_20201219_20210310_02_T1_QA_PIXEL.TIF,s3://usgs-landsat/collection02/level-2/standard/oli-tirs/2020/040/033/LC08_L2SP_040033_20201219_20210310_02_T1/LC08_L2SP_040033_20201219_20210310_02_T1_QA_RADSAT.TIF
2,LE07_L2SP_040033_20201211_20210106_02_T1_SR,LE70400332020346EDC00,['ETM'],12.0,s3://usgs-landsat/collection02/level-2/standard/etm/2020/040/033/LE07_L2SP_040033_20201211_20210106_02_T1/LE07_L2SP_040033_20201211_20210106_02_T1_thumb_small.jpeg,s3://usgs-landsat/collection02/level-2/standard/etm/2020/040/033/LE07_L2SP_040033_20201211_20210106_02_T1/LE07_L2SP_040033_20201211_20210106_02_T1_thumb_large.jpeg,s3://usgs-landsat/collection02/level-2/standard/etm/2020/040/033/LE07_L2SP_040033_20201211_20210106_02_T1/LE07_L2SP_040033_20201211_20210106_02_T1_SR_B1.TIF,s3://usgs-landsat/collection02/level-2/standard/etm/2020/040/033/LE07_L2SP_040033_20201211_20210106_02_T1/LE07_L2SP_040033_20201211_20210106_02_T1_SR_B2.TIF,s3://usgs-landsat/collection02/level-2/standard/etm/2020/040/033/LE07_L2SP_040033_20201211_20210106_02_T1/LE07_L2SP_040033_20201211_20210106_02_T1_SR_B3.TIF,s3://usgs-landsat/collection02/level-2/standard/etm/2020/040/033/LE07_L2SP_040033_20201211_20210106_02_T1/LE07_L2SP_040033_20201211_20210106_02_T1_SR_B4.TIF,s3://usgs-landsat/collection02/level-2/standard/etm/2020/040/033/LE07_L2SP_040033_20201211_20210106_02_T1/LE07_L2SP_040033_20201211_20210106_02_T1_ANG.txt,s3://usgs-landsat/collection02/level-2/standard/etm/2020/040/033/LE07_L2SP_040033_20201211_20210106_02_T1/LE07_L2SP_040033_20201211_20210106_02_T1_MTL.txt,s3://usgs-landsat/collection02/level-2/standard/etm/2020/040/033/LE07_L2SP_040033_20201211_20210106_02_T1/LE07_L2SP_040033_20201211_20210106_02_T1_MTL.xml,s3://usgs-landsat/collection02/level-2/standard/etm/2020/040/033/LE07_L2SP_040033_20201211_20210106_02_T1/LE07_L2SP_040033_20201211_20210106_02_T1_MTL.json,s3://usgs-landsat/collection02/level-2/standard/etm/2020/040/033/LE07_L2SP_040033_20201211_20210106_02_T1/LE07_L2SP_040033_20201211_20210106_02_T1_QA_PIXEL.TIF,s3://usgs-landsat/collection02/level-2/standard/etm/2020/040/033/LE07_L2SP_040033_20201211_20210106_02_T1/LE07_L2SP_040033_20201211_20210106_02_T1_QA_RADSAT.TIF
3,LC08_L2SP_040033_20201203_20210313_02_T1_SR,LC80400332020338LGN00,"['OLI', 'TIRS']",0.79,s3://usgs-landsat/collection02/level-2/standard/oli-tirs/2020/040/033/LC08_L2SP_040033_20201203_20210313_02_T1/LC08_L2SP_040033_20201203_20210313_02_T1_thumb_small.jpeg,s3://usgs-landsat/collection02/level-2/standard/oli-tirs/2020/040/033/LC08_L2SP_040033_20201203_20210313_02_T1/LC08_L2SP_040033_20201203_20210313_02_T1_thumb_large.jpeg,s3://usgs-landsat/collection02/level-2/standard/oli-tirs/2020/040/033/LC08_L2SP_040033_20201203_20210313_02_T1/LC08_L2SP_040033_20201203_20210313_02_T1_SR_B2.TIF,s3://usgs-landsat/collection02/level-2/standard/oli-tirs/2020/040/033/LC08_L2SP_040033_20201203_20210313_02_T1/LC08_L2SP_040033_20201203_20210313_02_T1_SR_B3.TIF,s3://usgs-landsat/collection02/level-2/standard/oli-tirs/2020/040/033/LC08_L2SP_040033_20201203_20210313_02_T1/LC08_L2SP_040033_20201203_20210313_02_T1_SR_B4.TIF,s3://usgs-landsat/collection02/level-2/standard/oli-tirs/2020/040/033/LC08_L2SP_040033_20201203_20210313_02_T1/LC08_L2SP_040033_20201203_20210313_02_T1_SR_B5.TIF,s3://usgs-landsat/collection02/level-2/standard/oli-tirs/2020/040/033/LC08_L2SP_040033_20201203_20210313_02_T1/LC08_L2SP_040033_20201203_20210313_02_T1_ANG.txt,s3://usgs-landsat/collection02/level-2/standard/oli-tirs/2020/040/033/LC08_L2SP_040033_20201203_20210313_02_T1/LC08_L2SP_040033_20201203_20210313_02_T1_MTL.txt,s3://usgs-landsat/collection02/level-2/standard/oli-tirs/2020/040/033/LC08_L2SP_040033_20201203_20210313_02_T1/LC08_L2SP_040033_20201203_20210313_02_T1_MTL.xml,s3://usgs-landsat/collection02/level-2/standard/oli-tirs/2020/040/033/LC08_L2SP_040033_20201203_20210313_02_T1/LC08_L2SP_040033_20201203_20210313_02_T1_MTL.json,s3://usgs-landsat/collection02/level-2/standard/oli-tirs/2020/040/033/LC08_L2SP_040033_20201203_20210313_02_T1/LC08_L2SP_040033_20201203_20210313_02_T1_QA_PIXEL.TIF,s3://usgs-landsat/collection02/level-2/standard/oli-tirs/2020/040/033/LC08_L2SP_040033_20201203_20210313_02_T1/LC08_L2SP_040033_20201203_20210313_02_T1_QA_RADSAT.TIF
4,LE07_L2SP_040033_20201125_20201221_02_T1_SR,LE70400332020330EDC00,['ETM'],1.0,s3://usgs-landsat/collection02/level-2/standard/etm/2020/040/033/LE07_L2SP_040033_20201125_20201221_02_T1/LE07_L2SP_040033_20201125_20201221_02_T1_thumb_small.jpeg,s3://usgs-landsat/collection02/level-2/standard/etm/2020/040/033/LE07_L2SP_040033_20201125_20201221_02_T1/LE07_L2SP_040033_20201125_20201221_02_T1_thumb_large.jpeg,s3://usgs-landsat/collection02/level-2/standard/etm/2020/040/033/LE07_L2SP_040033_20201125_20201221_02_T1/LE07_L2SP_040033_20201125_20201221_02_T1_SR_B1.TIF,s3://usgs-landsat/collection02/level-2/standard/etm/2020/040/033/LE07_L2SP_040033_20201125_20201221_02_T1/LE07_L2SP_040033_20201125_20201221_02_T1_SR_B2.TIF,s3://usgs-landsat/collection02/level-2/standard/etm/2020/040/033/LE07_L2SP_040033_20201125_20201221_02_T1/LE07_L2SP_040033_20201125_20201221_02_T1_SR_B3.TIF,s3://usgs-landsat/collection02/level-2/standard/etm/2020/040/033/LE07_L2SP_040033_20201125_20201221_02_T1/LE07_L2SP_040033_20201125_20201221_02_T1_SR_B4.TIF,s3://usgs-landsat/collection02/level-2/standard/etm/2020/040/033/LE07_L2SP_040033_20201125_20201221_02_T1/LE07_L2SP_040033_20201125_20201221_02_T1_ANG.txt,s3://usgs-landsat/collection02/level-2/standard/etm/2020/040/033/LE07_L2SP_040033_20201125_20201221_02_T1/LE07_L2SP_040033_20201125_20201221_02_T1_MTL.txt,s3://usgs-landsat/collection02/level-2/standard/etm/2020/040/033/LE07_L2SP_040033_20201125_20201221_02_T1/LE07_L2SP_040033_20201125_20201221_02_T1_MTL.xml,s3://usgs-landsat/collection02/level-2/standard/etm/2020/040/033/LE07_L2SP_040033_20201125_20201221_02_T1/LE07_L2SP_040033_20201125_20201221_02_T1_MTL.json,s3://usgs-landsat/collection02/level-2/standard/etm/2020/040/033/LE07_L2SP_040033_20201125_20201221_02_T1/LE07_L2SP_040033_20201125_20201221_02_T1_QA_PIXEL.TIF,s3://usgs-landsat/collection02/level-2/standard/etm/2020/040/033/LE07_L2SP_040033_20201125_20201221_02_T1/LE07_L2SP_040033_20201125_20201221_02_T1_QA_RADSAT.TIF
5,LC08_L2SP_040033_20201117_20210315_02_T1_SR,LC80400332020322LGN00,"['OLI', 'TIRS']",9.41,s3://usgs-landsat/collection02/level-2/standard/oli-tirs/2020/040/033/LC08_L2SP_040033_20201117_20210315_02_T1/LC08_L2SP_040033_20201117_20210315_02_T1_thumb_small.jpeg,s3://usgs-landsat/collection02/level-2/standard/oli-tirs/2020/040/033/LC08_L2SP_040033_20201117_20210315_02_T1/LC08_L2SP_040033_20201117_20210315_02_T1_thumb_large.jpeg,s3://usgs-landsat/collection02/level-2/standard/oli-tirs/2020/040/033/LC08_L2SP_040033_20201117_20210315_02_T1/LC08_L2SP_040033_20201117_20210315_02_T1_SR_B2.TIF,s3://usgs-landsat/collection02/level-2/standard/oli-tirs/2020/040/033/LC08_L2SP_040033_20201117_20210315_02_T1/LC08_L2SP_040033_20201117_20210315_02_T1_SR_B3.TIF,s3://usgs-landsat/collection02/level-2/standard/oli-tirs/2020/040/033/LC08_L2SP_040033_20201117_20210315_02_T1/LC08_L2SP_040033_20201117_20210315_02_T1_SR_B4.TIF,s3://usgs-landsat/collection02/level-2/standard/oli-tirs/2020/040/033/LC08_L2SP_040033_20201117_20210315_02_T1/LC08_L2SP_040033_20201117_20210315_02_T1_SR_B5.TIF,s3://usgs-landsat/collection02/level-2/standard/oli-tirs/2020/040/033/LC08_L2SP_040033_20201117_20210315_02_T1/LC08_L2SP_040033_20201117_20210315_02_T1_ANG.txt,s3://usgs-landsat/collection02/level-2/standard/oli-tirs/2020/040/033/LC08_L2SP_040033_20201117_20210315_02_T1/LC08_L2SP_040033_20201117_20210315_02_T1_MTL.txt,s3://usgs-landsat/collection02/level-2/standard/oli-tirs/2020/040/033/LC08_L2SP_040033_20201117_20210315_02_T1/LC08_L2SP_040033_20201117_20210315_02_T1_MTL.xml,s3://usgs-landsat/collection02/level-2/standard/oli-tirs/2020/040/033/LC08_L2SP_040033_20201117_20210315_02_T1/LC08_L2SP_040033_20201117_20210315_02_T1_MTL.json,s3://usgs-landsat/collection02/level-2/standard/oli-tirs/2020/040/033/LC08_L2SP_040033_20201117_20210315_02_T1/LC08_L2SP_040033_20201117_20210315_02_T1_QA_PIXEL.TIF,s3://usgs-landsat/collection02/level-2/standard/oli-tirs/2020/040/033/LC08_L2SP_040033_20201117_20210315_02_T1/LC08_L2SP_040033_20201117_20210315_02_T1_QA_RADSAT.TIF
6,LE07_L2SP_040033_20201109_20201205_02_T1_SR,LE70400332020314EDC00,['ETM'],12.0,s3://usgs-landsat/collection02/level-2/standard/etm/2020/040/033/LE07_L2SP_040033_20201109_20201205_02_T1/LE07_L2SP_040033_20201109_20201205_02_T1_thumb_small.jpeg,s3://usgs-landsat/collection02/level-2/standard/etm/2020/040/033/LE07_L2SP_040033_20201109_20201205_02_T1/LE07_L2SP_040033_20201109_20201205_02_T1_thumb_large.jpeg,s3://usgs-landsat/collection02/level-2/standard/etm/2020/040/033/LE07_L2SP_040033_20201109_20201205_02_T1/LE07_L2SP_040033_20201109_20201205_02_T1_SR_B1.TIF,s3://usgs-landsat/collection02/level-2/standard/etm/2020/040/033/LE07_L2SP_040033_20201109_20201205_02_T1/LE07_L2SP_040033_20201109_20201205_02_T1_SR_B2.TIF,s3://usgs-landsat/collection02/level-2/standard/etm/2020/040/033/LE07_L2SP_040033_20201109_20201205_02_T1/LE07_L2SP_040033_20201109_20201205_02_T1_SR_B3.TIF,s3://usgs-landsat/collection02/level-2/standard/etm/2020/040/033/LE07_L2SP_040033_20201109_20201205_02_T1/LE07_L2SP_040033_20201109_20201205_02_T1_SR_B4.TIF,s3://usgs-landsat/collection02/level-2/standard/etm/2020/040/033/LE07_L2SP_040033_20201109_20201205_02_T1/LE07_L2SP_040033_20201109_20201205_02_T1_ANG.txt,s3://usgs-landsat/collection02/level-2/standard/etm/2020/040/033/LE07_L2SP_040033_20201109_20201205_02_T1/LE07_L2SP_040033_20201109_20201205_02_T1_MTL.txt,s3://usgs-landsat/collection02/level-2/standard/etm/2020/040/033/LE07_L2SP_040033_20201109_20201205_02_T1/LE07_L2SP_040033_20201109_20201205_02_T1_MTL.xml,s3://usgs-landsat/collection02/level-2/standard/etm/2020/040/033/LE07_L2SP_040033_20201109_20201205_02_T1/LE07_L2SP_040033_20201109_20201205_02_T1_MTL.json,s3://usgs-landsat/collection02/level-2/standard/etm/2020/040/033/LE07_L2SP_040033_20201109_20201205_02_T1/LE07_L2SP_040033_20201109_20201205_02_T1_QA_PIXEL.TIF,s3://usgs-landsat/collection02/level-2/standard/etm/2020/040/033/LE07_L2SP_040033_20201109_20201205_02_T1/LE07_L2SP_040033_20201109_20201205_02_T1_QA_RADSAT.TIF
7,LE07_L2SP_040033_20201024_20201119_02_T1_SR,LE70400332020298EDC00,['ETM'],9.0,s3://usgs-landsat/collection02/level-2/standard/etm/2020/040/033/LE07_L2SP_040033_20201024_20201119_02_T1/LE07_L2SP_040033_20201024_20201119_02_T1_thumb_small.jpeg,s3://usgs-landsat/collection02/level-2/standard/etm/2020/040/033/LE07_L2SP_040033_20201024_20201119_02_T1/LE07_L2SP_040033_20201024_20201119_02_T1_thumb_large.jpeg,s3://usgs-landsat/collection02/level-2/standard/etm/2020/040/033/LE07_L2SP_040033_20201024_20201119_02_T1/LE07_L2SP_040033_20201024_20201119_02_T1_SR_B1.TIF,s3://usgs-landsat/collection02/level-2/standard/etm/2020/040/033/LE07_L2SP_040033_20201024_20201119_02_T1/LE07_L2SP_040033_20201024_20201119_02_T1_SR_B2.TIF,s3://usgs-landsat/collection02/level-2/standard/etm/2020/040/033/LE07_L2SP_040033_20201024_20201119_02_T1/LE07_L2SP_040033_20201024_20201119_02_T1_SR_B3.TIF,s3://usgs-landsat/collection02/level-2/standard/etm/2020/040/033/LE07_L2SP_040033_20201024_20201119_02_T1/LE07_L2SP_040033_20201024_20201119_02_T1_SR_B4.TIF,s3://usgs-landsat/collection02/level-2/standard/etm/2020/040/033/LE07_L2SP_040033_20201024_20201119_02_T1/LE07_L2SP_040033_20201024_20201119_02_T1_ANG.txt,s3://usgs-landsat/collection02/level-2/standard/etm/2020/040/033/LE07_L2SP_040033_20201024_20201119_02_T1/LE07_L2SP_040033_20201024_20201119_02_T1_MTL.txt,s3://usgs-landsat/collection02/level-2/standard/etm/2020/040/033/LE07_L2SP_040033_20201024_20201119_02_T1/LE07_L2SP_040033_20201024_20201119_02_T1_MTL.xml,s3://usgs-landsat/collection02/level-2/standard/etm/2020/040/033/LE07_L2SP_040033_20201024_20201119_02_T1/LE07_L2SP_040033_20201024_20201119_02_T1_MTL.json,s3://usgs-landsat/collection02/level-2/standard/etm/2020/040/033/LE07_L2SP_040033_20201024_20201119_02_T1/LE07_L2SP_040033_20201024_20201119_02_T1_QA_PIXEL.TIF,s3://usgs-landsat/collection02/level-2/standard/etm/2020/040/033/LE07_L2SP_040033_20201024_20201119_02_T1/LE07_L2SP_040033_20201024_20201119_02_T1_QA_RADSAT.TIF
8,LC08_L2SP_040033_20201016_20201105_02_T1_SR,LC80400332020290LGN00,"['OLI', 'TIRS']",0.05,s3://usgs-landsat/collection02/level-2/standard/oli-tirs/2020/040/033/LC08_L2SP_040033_20201016_20201105_02_T1/LC08_L2SP_040033_20201016_20201105_02_T1_thumb_small.jpeg,s3://usgs-landsat/collection02/level-2/standard/oli-tirs/2020/040/033/LC08_L2SP_040033_20201016_20201105_02_T1/LC08_L2SP_040033_20201016_20201105_02_T1_thumb_large.jpeg,s3://usgs-landsat/collection02/level-2/standard/oli-tirs/2020/040/033/LC08_L2SP_040033_20201016_20201105_02_T1/LC08_L2SP_040033_20201016_20201105_02_T1_SR_B2.TIF,s3://usgs-landsat/collection02/level-2/standard/oli-tirs/2020/040/033/LC08_L2SP_040033_20201016_20201105_02_T1/LC08_L2SP_040033_20201016_20201105_02_T1_SR_B3.TIF,s3://usgs-landsat/collection02/level-2/standard/oli-tirs/2020/040/033/LC08_L2SP_040033_20201016_20201105_02_T1/LC08_L2SP_040033_20201016_20201105_02_T1_SR_B4.TIF,s3://usgs-landsat/collection02/level-2/standard/oli-tirs/2020/040/033/LC08_L2SP_040033_20201016_20201105_02_T1/LC08_L2SP_040033_20201016_20201105_02_T1_SR_B5.TIF,s3://usgs-landsat/collection02/level-2/standard/oli-tirs/2020/040/033/LC08_L2SP_040033_20201016_20201105_02_T1/LC08_L2SP_040033_20201016_20201105_02_T1_ANG.txt,s3://usgs-landsat/collection02/level-2/standard/oli-tirs/2020/040/033/LC08_L2SP_040033_20201016_20201105_02_T1/LC08_L2SP_040033_20201016_20201105_02_T1_MTL.txt,s3://usgs-landsat/collection02/level-2/standard/oli-tirs/2020/040/033/LC08_L2SP_040033_20201016_20201105_02_T1/LC08_L2SP_040033_20201016_20201105_02_T1_MTL.xml,s3://usgs-landsat/collection02/level-2/standard/oli-tirs/2020/040/033/LC08_L2SP_040033_20201016_20201105_02_T1/LC08_L2SP_040033_20201016_20201105_02_T1_MTL.json,s3://usgs-landsat/collection02/level-2/standard/oli-tirs/2020/040/033/LC08_L2SP_040033_20201016_20201105_02_T1/LC08_L2SP_040033_20201016_20201105_02_T1_QA_PIXEL.TIF,s3://usgs-landsat/collection02/level-2/standard/oli-tirs/2020/040/033/LC08_L2SP_040033_20201016_20201105_02_T1/LC08_L2SP_040033_20201016_20201105_02_T1_QA_RADSAT.TIF
9,LE07_L2SP_040033_20201008_20201104_02_T1_SR,LE70400332020282EDC00,['ETM'],28.0,s3://usgs-landsat/collection02/level-2/standard/etm/2020/040/033/LE07_L2SP_040033_20201008_20201104_02_T1/LE07_L2SP_040033_20201008_20201104_02_T1_thumb_small.jpeg,s3://usgs-landsat/collection02/level-2/standard/etm/2020/040/033/LE07_L2SP_040033_20201008_20201104_02_T1/LE07_L2SP_040033_20201008_20201104_02_T1_thumb_large.jpeg,s3://usgs-landsat/collection02/level-2/standard/etm/2020/040/033/LE07_L2SP_040033_20201008_20201104_02_T1/LE07_L2SP_040033_20201008_20201104_02_T1_SR_B1.TIF,s3://usgs-landsat/collection02/level-2/standard/etm/2020/040/033/LE07_L2SP_040033_20201008_20201104_02_T1/LE07_L2SP_040033_20201008_20201104_02_T1_SR_B2.TIF,s3://usgs-landsat/collection02/level-2/standard/etm/2020/040/033/LE07_L2SP_040033_20201008_20201104_02_T1/LE07_L2SP_040033_20201008_20201104_02_T1_SR_B3.TIF,s3://usgs-landsat/collection02/level-2/standard/etm/2020/040/033/LE07_L2SP_040033_20201008_20201104_02_T1/LE07_L2SP_040033_20201008_20201104_02_T1_SR_B4.TIF,s3://usgs-landsat/collection02/level-2/standard/etm/2020/040/033/LE07_L2SP_040033_20201008_20201104_02_T1/LE07_L2SP_040033_20201008_20201104_02_T1_ANG.txt,s3://usgs-landsat/collection02/level-2/standard/etm/2020/040/033/LE07_L2SP_040033_20201008_20201104_02_T1/LE07_L2SP_040033_20201008_20201104_02_T1_MTL.txt,s3://usgs-landsat/collection02/level-2/standard/etm/2020/040/033/LE07_L2SP_040033_20201008_20201104_02_T1/LE07_L2SP_040033_20201008_20201104_02_T1_MTL.xml,s3://usgs-landsat/collection02/level-2/standard/etm/2020/040/033/LE07_L2SP_040033_20201008_20201104_02_T1/LE07_L2SP_040033_20201008_20201104_02_T1_MTL.json,s3://usgs-landsat/collection02/level-2/standard/etm/2020/040/033/LE07_L2SP_040033_20201008_20201104_02_T1/LE07_L2SP_040033_20201008_20201104_02_T1_QA_PIXEL.TIF,s3://usgs-landsat/collection02/level-2/standard/etm/2020/040/033/LE07_L2SP_040033_20201008_20201104_02_T1/LE07_L2SP_040033_20201008_20201104_02_T1_QA_RADSAT.TIF
10,LC08_L2SP_040033_20200930_20201007_02_T1_SR,LC80400332020274LGN00,"['OLI', 'TIRS']",0.07,s3://usgs-landsat/collection02/level-2/standard/oli-tirs/2020/040/033/LC08_L2SP_040033_20200930_20201007_02_T1/LC08_L2SP_040033_20200930_20201007_02_T1_thumb_small.jpeg,s3://usgs-landsat/collection02/level-2/standard/oli-tirs/2020/040/033/LC08_L2SP_040033_20200930_20201007_02_T1/LC08_L2SP_040033_20200930_20201007_02_T1_thumb_large.jpeg,s3://usgs-landsat/collection02/level-2/standard/oli-tirs/2020/040/033/LC08_L2SP_040033_20200930_20201007_02_T1/LC08_L2SP_040033_20200930_20201007_02_T1_SR_B2.TIF,s3://usgs-landsat/collection02/level-2/standard/oli-tirs/2020/040/033/LC08_L2SP_040033_20200930_20201007_02_T1/LC08_L2SP_040033_20200930_20201007_02_T1_SR_B3.TIF,s3://usgs-landsat/collection02/level-2/standard/oli-tirs/2020/040/033/LC08_L2SP_040033_20200930_20201007_02_T1/LC08_L2SP_040033_20200930_20201007_02_T1_SR_B4.TIF,s3://usgs-landsat/collection02/level-2/standard/oli-tirs/2020/040/033/LC08_L2SP_040033_20200930_20201007_02_T1/LC08_L2SP_040033_20200930_20201007_02_T1_SR_B5.TIF,s3://usgs-landsat/collection02/level-2/standard/oli-tirs/2020/040/033/LC08_L2SP_040033_20200930_20201007_02_T1/LC08_L2SP_040033_20200930_20201007_02_T1_ANG.txt,s3://usgs-landsat/collection02/level-2/standard/oli-tirs/2020/040/033/LC08_L2SP_040033_20200930_20201007_02_T1/LC08_L2SP_040033_20200930_20201007_02_T1_MTL.txt,s3://usgs-landsat/collection02/level-2/standard/oli-tirs/2020/040/033/LC08_L2SP_040033_20200930_20201007_02_T1/LC08_L2SP_040033_20200930_20201007_02_T1_MTL.xml,s3://usgs-landsat/collection02/level-2/standard/oli-tirs/2020/040/033/LC08_L2SP_040033_20200930_20201007_02_T1/LC08_L2SP_040033_20200930_20201007_02_T1_MTL.json,s3://usgs-landsat/collection02/level-2/standard/oli-tirs/2020/040/033/LC08_L2SP_040033_20200930_20201007_02_T1/LC08_L2SP_040033_20200930_20201007_02_T1_QA_PIXEL.TIF,s3://usgs-landsat/collection02/level-2/standard/oli-tirs/2020/040/033/LC08_L2SP_040033_20200930_20201007_02_T1/LC08_L2SP_040033_20200930_20201007_02_T1_QA_RADSAT.TIF
11,LE07_L2SP_040033_20200922_20201018_02_T1_SR,LE70400332020266EDC00,['ETM'],47.0,s3://usgs-landsat/collection02/level-2/standard/etm/2020/040/033/LE07_L2SP_040033_20200922_20201018_02_T1/LE07_L2SP_040033_20200922_20201018_02_T1_thumb_small.jpeg,s3://usgs-landsat/collection02/level-2/standard/etm/2020/040/033/LE07_L2SP_040033_20200922_20201018_02_T1/LE07_L2SP_040033_20200922_20201018_02_T1_thumb_large.jpeg,s3://usgs-landsat/collection02/level-2/standard/etm/2020/040/033/LE07_L2SP_040033_20200922_20201018_02_T1/LE07_L2SP_040033_20200922_20201018_02_T1_SR_B1.TIF,s3://usgs-landsat/collection02/level-2/standard/etm/2020/040/033/LE07_L2SP_040033_20200922_20201018_02_T1/LE07_L2SP_040033_20200922_20201018_02_T1_SR_B2.TIF,s3://usgs-landsat/collection02/level-2/standard/etm/2020/040/033/LE07_L2SP_040033_20200922_20201018_02_T1/LE07_L2SP_040033_20200922_20201018_02_T1_SR_B3.TIF,s3://usgs-landsat/collection02/level-2/standard/etm/2020/040/033/LE07_L2SP_040033_20200922_20201018_02_T1/LE07_L2SP_040033_20200922_20201018_02_T1_SR_B4.TIF,s3://usgs-landsat/collection02/level-2/standard/etm/2020/040/033/LE07_L2SP_040033_20200922_20201018_02_T1/LE07_L2SP_040033_20200922_20201018_02_T1_ANG.txt,s3://usgs-landsat/collection02/level-2/standard/etm/2020/040/033/LE07_L2SP_040033_20200922_20201018_02_T1/LE07_L2SP_040033_20200922_20201018_02_T1_MTL.txt,s3://usgs-landsat/collection02/level-2/standard/etm/2020/040/033/LE07_L2SP_040033_20200922_20201018_02_T1/LE07_L2SP_040033_20200922_20201018_02_T1_MTL.xml,s3://usgs-landsat/collection02/level-2/standard/etm/2020/040/033/LE07_L2SP_040033_20200922_20201018_02_T1/LE07_L2SP_040033_20200922_20201018_02_T1_MTL.json,s3://usgs-landsat/collection02/level-2/standard/etm/2020/040/033/LE07_L2SP_040033_20200922_20201018_02_T1/LE07_L2SP_040033_20200922_20201018_02_T1_QA_PIXEL.TIF,s3://usgs-landsat/collection02/level-2/standard/etm/2020/040/033/LE07_L2SP_040033_20200922_20201018_02_T1/LE07_L2SP_040033_20200922_20201018_02_T1_QA_RADSAT.TIF
12,LC08_L2SP_040033_20200914_20200919_02_T1_SR,LC80400332020258LGN00,"['OLI', 'TIRS']",0.08,s3://usgs-landsat/collection02/level-2/standard/oli-tirs/2020/040/033/LC08_L2SP_040033_20200914_20200919_02_T1/LC08_L2SP_040033_20200914_20200919_02_T1_thumb_small.jpeg,s3://usgs-landsat/collection02/level-2/standard/oli-tirs/2020/040/033/LC08_L2SP_040033_20200914_20200919_02_T1/LC08_L2SP_040033_20200914_20200919_02_T1_thumb_large.jpeg,s3://usgs-landsat/collection02/level-2/standard/oli-tirs/2020/040/033/LC08_L2SP_040033_20200914_20200919_02_T1/LC08_L2SP_040033_20200914_20200919_02_T1_SR_B2.TIF,s3://usgs-landsat/collection02/level-2/standard/oli-tirs/2020/040/033/LC08_L2SP_040033_20200914_20200919_02_T1/LC08_L2SP_040033_20200914_20200919_02_T1_SR_B3.TIF,s3://usgs-landsat/collection02/level-2/standard/oli-tirs/2020/040/033/LC08_L2SP_040033_20200914_20200919_02_T1/LC08_L2SP_040033_20200914_20200919_02_T1_SR_B4.TIF,s3://usgs-landsat/collection02/level-2/standard/oli-tirs/2020/040/033/LC08_L2SP_040033_20200914_20200919_02_T1/LC08_L2SP_040033_20200914_20200919_02_T1_SR_B5.TIF,s3://usgs-landsat/collection02/level-2/standard/oli-tirs/2020/040/033/LC08_L2SP_040033_20200914_20200919_02_T1/LC08_L2SP_040033_20200914_20200919_02_T1_ANG.txt,s3://usgs-landsat/collection02/level-2/standard/oli-tirs/2020/040/033/LC08_L2SP_040033_20200914_20200919_02_T1/LC08_L2SP_040033_20200914_20200919_02_T1_MTL.txt,s3://usgs-landsat/collection02/level-2/standard/oli-tirs/2020/040/033/LC08_L2SP_040033_20200914_20200919_02_T1/LC08_L2SP_040033_20200914_20200919_02_T1_MTL.xml,s3://usgs-landsat/collection02/level-2/standard/oli-tirs/2020/040/033/LC08_L2SP_040033_20200914_20200919_02_T1/LC08_L2SP_040033_20200914_20200919_02_T1_MTL.json,s3://usgs-landsat/collection02/level-2/standard/oli-tirs/2020/040/033/LC08_L2SP_040033_20200914_20200919_02_T1/LC08_L2SP_040033_20200914_20200919_02_T1_QA_PIXEL.TIF,s3://usgs-landsat/collection02/level-2/standard/oli-tirs/2020/040/033/LC08_L2SP_040033_20200914_20200919_02_T1/LC08_L2SP_040033_20200914_20200919_02_T1_QA_RADSAT.TIF
13,LE07_L2SP_040033_20200906_20201002_02_T1_SR,LE70400332020250EDC00,['ETM'],0.0,s3://usgs-landsat/collection02/level-2/standard/etm/2020/040/033/LE07_L2SP_040033_20200906_20201002_02_T1/LE07_L2SP_040033_20200906_20201002_02_T1_thumb_small.jpeg,s3://usgs-landsat/collection02/level-2/standard/etm/2020/040/033/LE07_L2SP_040033_20200906_20201002_02_T1/LE07_L2SP_040033_20200906_20201002_02_T1_thumb_large.jpeg,s3://usgs-landsat/collection02/level-2/standard/etm/2020/040/033/LE07_L2SP_040033_20200906_20201002_02_T1/LE07_L2SP_040033_20200906_20201002_02_T1_SR_B1.TIF,s3://usgs-landsat/collection02/level-2/standard/etm/2020/040/033/LE07_L2SP_040033_20200906_20201002_02_T1/LE07_L2SP_040033_20200906_20201002_02_T1_SR_B2.TIF,s3://usgs-landsat/collection02/level-2/standard/etm/2020/040/033/LE07_L2SP_040033_20200906_20201002_02_T1/LE07_L2SP_040033_20200906_20201002_02_T1_SR_B3.TIF,s3://usgs-landsat/collection02/level-2/standard/etm/2020/040/033/LE07_L2SP_040033_20200906_20201002_02_T1/LE07_L2SP_040033_20200906_20201002_02_T1_SR_B4.TIF,s3://usgs-landsat/collection02/level-2/standard/etm/2020/040/033/LE07_L2SP_040033_20200906_20201002_02_T1/LE07_L2SP_040033_20200906_20201002_02_T1_ANG.txt,s3://usgs-landsat/collection02/level-2/standard/etm/2020/040/033/LE07_L2SP_040033_20200906_20201002_02_T1/LE07_L2SP_040033_20200906_20201002_02_T1_MTL.txt,s3://usgs-landsat/collection02/level-2/standard/etm/2020/040/033/LE07_L2SP_040033_20200906_20201002_02_T1/LE07_L2SP_040033_20200906_20201002_02_T1_MTL.xml,s3://usgs-landsat/collection02/level-2/standard/etm/2020/040/033/LE07_L2SP_040033_20200906_20201002_02_T1/LE07_L2SP_040033_20200906_20201002_02_T1_MTL.json,s3://usgs-landsat/collection02/level-2/standard/etm/2020/040/033/LE07_L2SP_040033_20200906_20201002_02_T1/LE07_L2SP_040033_20200906_20201002_02_T1_QA_PIXEL.TIF,s3://usgs-landsat/collection02/level-2/standard/etm/2020/040/033/LE07_L2SP_040033_20200906_20201002_02_T1/LE07_L2SP_040033_20200906_20201002_02_T1_QA_RADSAT.TIF
14,LC08_L2SP_040033_20200829_20200906_02_T1_SR,LC80400332020242LGN00,"['OLI', 'TIRS']",5.26,s3://usgs-landsat/collection02/level-2/standard/oli-tirs/2020/040/033/LC08_L2SP_040033_20200829_20200906_02_T1/LC08_L2SP_040033_20200829_20200906_02_T1_thumb_small.jpeg,s3://usgs-landsat/collection02/level-2/standard/oli-tirs/2020/040/033/LC08_L2SP_040033_20200829_20200906_02_T1/LC08_L2SP_040033_20200829_20200906_02_T1_thumb_large.jpeg,s3://usgs-landsat/collection02/level-2/standard/oli-tirs/2020/040/033/LC08_L2SP_040033_20200829_20200906_02_T1/LC08_L2SP_040033_20200829_20200906_02_T1_SR_B2.TIF,s3://usgs-landsat/collection02/level-2/standard/oli-tirs/2020/040/033/LC08_L2SP_040033_20200829_20200906_02_T1/LC08_L2SP_040033_20200829_20200906_02_T1_SR_B3.TIF,s3://usgs-landsat/collection02/level-2/standard/oli-tirs/2020/040/033/LC08_L2SP_040033_20200829_20200906_02_T1/LC08_L2SP_040033_20200829_20200906_02_T1_SR_B4.TIF,s3://usgs-landsat/collection02/level-2/standard/oli-tirs/2020/040/033/LC08_L2SP_040033_20200829_20200906_02_T1/LC08_L2SP_040033_20200829_20200906_02_T1_SR_B5.TIF,s3://usgs-landsat/collection02/level-2/standard/oli-tirs/2020/040/033/LC08_L2SP_040033_20200829_20200906_02_T1/LC08_L2SP_040033_20200829_20200906_02_T1_ANG.txt,s3://usgs-landsat/collection02/level-2/standard/oli-tirs/2020/040/033/LC08_L2SP_040033_20200829_20200906_02_T1/LC08_L2SP_040033_20200829_20200906_02_T1_MTL.txt,s3://usgs-landsat/collection02/level-2/standard/oli-tirs/2020/040/033/LC08_L2SP_040033_20200829_20200906_02_T1/LC08_L2SP_040033_20200829_20200906_02_T1_MTL.xml,s3://usgs-landsat/collection02/level-2/standard/oli-tirs/2020/040/033/LC08_L2SP_040033_20200829_20200906_02_T1/LC08_L2SP_040033_20200829_20200906_02_T1_MTL.json,s3://usgs-landsat/collection02/level-2/standard/oli-tirs/2020/040/033/LC08_L2SP_040033_20200829_20200906_02_T1/LC08_L2SP_040033_20200829_20200906_02_T1_QA_PIXEL.TIF,s3://usgs-landsat/collection02/level-2/standard/oli-tirs/2020/040/033/LC08_L2SP_040033_20200829_20200906_02_T1/LC08_L2SP_040033_20200829_20200906_02_T1_QA_RADSAT.TIF
15,LE07_L2SP_040033_20200821_20200916_02_T1_SR,LE70400332020234EDC00,['ETM'],0.0,s3://usgs-landsat/collection02/level-2/standard/etm/2020/040/033/LE07_L2SP_040033_20200821_20200916_02_T1/LE07_L2SP_040033_20200821_20200916_02_T1_thumb_small.jpeg,s3://usgs-landsat/collection02/level-2/standard/etm/2020/040/033/LE07_L2SP_040033_20200821_20200916_02_T1/LE07_L2SP_040033_20200821_20200916_02_T1_thumb_large.jpeg,s3://usgs-landsat/collection02/level-2/standard/etm/2020/040/033/LE07_L2SP_040033_20200821_20200916_02_T1/LE07_L2SP_040033_20200821_20200916_02_T1_SR_B1.TIF,s3://usgs-landsat/collection02/level-2/standard/etm/2020/040/033/LE07_L2SP_040033_20200821_20200916_02_T1/LE07_L2SP_040033_20200821_20200916_02_T1_SR_B2.TIF,s3://usgs-landsat/collection02/level-2/standard/etm/2020/040/033/LE07_L2SP_040033_20200821_20200916_02_T1/LE07_L2SP_040033_20200821_20200916_02_T1_SR_B3.TIF,s3://usgs-landsat/collection02/level-2/standard/etm/2020/040/033/LE07_L2SP_040033_20200821_20200916_02_T1/LE07_L2SP_040033_20200821_20200916_02_T1_SR_B4.TIF,s3://usgs-landsat/collection02/level-2/standard/etm/2020/040/033/LE07_L2SP_040033_20200821_20200916_02_T1/LE07_L2SP_040033_20200821_20200916_02_T1_ANG.txt,s3://usgs-landsat/collection02/level-2/standard/etm/2020/040/033/LE07_L2SP_040033_20200821_20200916_02_T1/LE07_L2SP_040033_20200821_20200916_02_T1_MTL.txt,s3://usgs-landsat/collection02/level-2/standard/etm/2020/040/033/LE07_L2SP_040033_20200821_20200916_02_T1/LE07_L2SP_040033_20200821_20200916_02_T1_MTL.xml,s3://usgs-landsat/collection02/level-2/standard/etm/2020/040/033/LE07_L2SP_040033_20200821_20200916_02_T1/LE07_L2SP_040033_20200821_20200916_02_T1_MTL.json,s3://usgs-landsat/collection02/level-2/standard/etm/2020/040/033/LE07_L2SP_040033_20200821_20200916_02_T1/LE07_L2SP_040033_20200821_20200916_02_T1_QA_PIXEL.TIF,s3://usgs-landsat/collection02/level-2/standard/etm/2020/040/033/LE07_L2SP_040033_20200821_20200916_02_T1/LE07_L2SP_040033_20200821_20200916_02_T1_QA_RADSAT.TIF
16,LC08_L2SP_040033_20200813_20200919_02_T1_SR,LC80400332020226LGN00,"['OLI', 'TIRS']",12.99,s3://usgs-landsat/collection02/level-2/standard/oli-tirs/2020/040/033/LC08_L2SP_040033_20200813_20200919_02_T1/LC08_L2SP_040033_20200813_20200919_02_T1_thumb_small.jpeg,s3://usgs-landsat/collection02/level-2/standard/oli-tirs/2020/040/033/LC08_L2SP_040033_20200813_20200919_02_T1/LC08_L2SP_040033_20200813_20200919_02_T1_thumb_large.jpeg,s3://usgs-landsat/collection02/level-2/standard/oli-tirs/2020/040/033/LC08_L2SP_040033_20200813_20200919_02_T1/LC08_L2SP_040033_20200813_20200919_02_T1_SR_B2.TIF,s3://usgs-landsat/collection02/level-2/standard/oli-tirs/2020/040/033/LC08_L2SP_040033_20200813_20200919_02_T1/LC08_L2SP_040033_20200813_20200919_02_T1_SR_B3.TIF,s3://usgs-landsat/collection02/level-2/standard/oli-tirs/2020/040/033/LC08_L2SP_040033_20200813_20200919_02_T1/LC08_L2SP_040033_20200813_20200919_02_T1_SR_B4.TIF,s3://usgs-landsat/collection02/level-2/standard/oli-tirs/2020/040/033/LC08_L2SP_040033_20200813_20200919_02_T1/LC08_L2SP_040033_20200813_20200919_02_T1_SR_B5.TIF,s3://usgs-landsat/collection02/level-2/standard/oli-tirs/2020/040/033/LC08_L2SP_040033_20200813_20200919_02_T1/LC08_L2SP_040033_20200813_20200919_02_T1_ANG.txt,s3://usgs-landsat/collection02/level-2/standard/oli-tirs/2020/040/033/LC08_L2SP_040033_20200813_20200919_02_T1/LC08_L2SP_040033_20200813_20200919_02_T1_MTL.txt,s3://usgs-landsat/collection02/level-2/standard/oli-tirs/2020/040/033/LC08_L2SP_040033_20200813_20200919_02_T1/LC08_L2SP_040033_20200813_20200919_02_T1_MTL.xml,s3://usgs-landsat/collection02/level-2/standard/oli-tirs/2020/040/033/LC08_L2SP_040033_20200813_20200919_02_T1/LC08_L2SP_040033_20200813_20200919_02_T1_MTL.json,s3://usgs-landsat/collection02/level-2/standard/oli-tirs/2020/040/033/LC08_L2SP_040033_20200813_20200919_02_T1/LC08_L2SP_040033_20200813_20200919_02_T1_QA_PIXEL.TIF,s3://usgs-landsat/collection02/level-2/standard/oli-tirs/2020/040/033/LC08_L2SP_040033_20200813_20200919_02_T1/LC08_L2SP_040033_20200813_20200919_02_T1_QA_RADSAT.TIF
17,LE07_L2SP_040033_20200805_20200914_02_T1_SR,LE70400332020218EDC00,['ETM'],0.0,s3://usgs-landsat/collection02/level-2/standard/etm/2020/040/033/LE07_L2SP_040033_20200805_20200914_02_T1/LE07_L2SP_040033_20200805_20200914_02_T1_thumb_small.jpeg,s3://usgs-landsat/collection02/level-2/standard/etm/2020/040/033/LE07_L2SP_040033_20200805_20200914_02_T1/LE07_L2SP_040033_20200805_20200914_02_T1_thumb_large.jpeg,s3://usgs-landsat/collection02/level-2/standard/etm/2020/040/033/LE07_L2SP_040033_20200805_20200914_02_T1/LE07_L2SP_040033_20200805_20200914_02_T1_SR_B1.TIF,s3://usgs-landsat/collection02/level-2/standard/etm/2020/040/033/LE07_L2SP_040033_20200805_20200914_02_T1/LE07_L2SP_040033_20200805_20200914_02_T1_SR_B2.TIF,s3://usgs-landsat/collection02/level-2/standard/etm/2020/040/033/LE07_L2SP_040033_20200805_20200914_02_T1/LE07_L2SP_040033_20200805_20200914_02_T1_SR_B3.TIF,s3://usgs-landsat/collection02/level-2/standard/etm/2020/040/033/LE07_L2SP_040033_20200805_20200914_02_T1/LE07_L2SP_040033_20200805_20200914_02_T1_SR_B4.TIF,s3://usgs-landsat/collection02/level-2/standard/etm/2020/040/033/LE07_L2SP_040033_20200805_20200914_02_T1/LE07_L2SP_040033_20200805_20200914_02_T1_ANG.txt,s3://usgs-landsat/collection02/level-2/standard/etm/2020/040/033/LE07_L2SP_040033_20200805_20200914_02_T1/LE07_L2SP_040033_20200805_20200914_02_T1_MTL.txt,s3://usgs-landsat/collection02/level-2/standard/etm/2020/040/033/LE07_L2SP_040033_20200805_20200914_02_T1/LE07_L2SP_040033_20200805_20200914_02_T1_MTL.xml,s3://usgs-landsat/collection02/level-2/standard/etm/2020/040/033/LE07_L2SP_040033_20200805_20200914_02_T1/LE07_L2SP_040033_20200805_20200914_02_T1_MTL.json,s3://usgs-landsat/collection02/level-2/standard/etm/2020/040/033/LE07_L2SP_040033_20200805_20200914_02_T1/LE07_L2SP_040033_20200805_20200914_02_T1_QA_PIXEL.TIF,s3://usgs-landsat/collection02/level-2/standard/etm/2020/040/033/LE07_L2SP_040033_20200805_20200914_02_T1/LE07_L2SP_040033_20200805_20200914_02_T1_QA_RADSAT.TIF
18,LC08_L2SP_040033_20200728_20200908_02_T1_SR,LC80400332020210LGN00,"['OLI', 'TIRS']",2.98,s3://usgs-landsat/collection02/level-2/standard/oli-tirs/2020/040/033/LC08_L2SP_040033_20200728_20200908_02_T1/LC08_L2SP_040033_20200728_20200908_02_T1_thumb_small.jpeg,s3://usgs-landsat/collection02/level-2/standard/oli-tirs/2020/040/033/LC08_L2SP_040033_20200728_20200908_02_T1/LC08_L2SP_040033_20200728_20200908_02_T1_thumb_large.jpeg,s3://usgs-landsat/collection02/level-2/standard/oli-tirs/2020/040/033/LC08_L2SP_040033_20200728_20200908_02_T1/LC08_L2SP_040033_20200728_20200908_02_T1_SR_B2.TIF,s3://usgs-landsat/collection02/level-2/standard/oli-tirs/2020/040/033/LC08_L2SP_040033_20200728_20200908_02_T1/LC08_L2SP_040033_20200728_20200908_02_T1_SR_B3.TIF,s3://usgs-landsat/collection02/level-2/standard/oli-tirs/2020/040/033/LC08_L2SP_040033_20200728_20200908_02_T1/LC08_L2SP_040033_20200728_20200908_02_T1_SR_B4.TIF,s3://usgs-landsat/collection02/level-2/standard/oli-tirs/2020/040/033/LC08_L2SP_040033_20200728_20200908_02_T1/LC08_L2SP_040033_20200728_20200908_02_T1_SR_B5.TIF,s3://usgs-landsat/collection02/level-2/standard/oli-tirs/2020/040/033/LC08_L2SP_040033_20200728_20200908_02_T1/LC08_L2SP_040033_20200728_20200908_02_T1_ANG.txt,s3://usgs-landsat/collection02/level-2/standard/oli-tirs/2020/040/033/LC08_L2SP_040033_20200728_20200908_02_T1/LC08_L2SP_040033_20200728_20200908_02_T1_MTL.txt,s3://usgs-landsat/collection02/level-2/standard/oli-tirs/2020/040/033/LC08_L2SP_040033_20200728_20200908_02_T1/LC08_L2SP_040033_20200728_20200908_02_T1_MTL.xml,s3://usgs-landsat/collection02/level-2/standard/oli-tirs/2020/040/033/LC08_L2SP_040033_20200728_20200908_02_T1/LC08_L2SP_040033_20200728_20200908_02_T1_MTL.json,s3://usgs-landsat/collection02/level-2/standard/oli-tirs/2020/040/033/LC08_L2SP_040033_20200728_20200908_02_T1/LC08_L2SP_040033_20200728_20200908_02_T1_QA_PIXEL.TIF,s3://usgs-landsat/collection02/level-2/standard/oli-tirs/2020/040/033/LC08_L2SP_040033_20200728_20200908_02_T1/LC08_L2SP_040033_20200728_20200908_02_T1_QA_RADSAT.TIF
19,LE07_L2SP_040033_20200720_20200904_02_T1_SR,LE70400332020202EDC00,['ETM'],10.0,s3://usgs-landsat/collection02/level-2/standard/etm/2020/040/033/LE07_L2SP_040033_20200720_20200904_02_T1/LE07_L2SP_040033_20200720_20200904_02_T1_thumb_small.jpeg,s3://usgs-landsat/collection02/level-2/standard/etm/2020/040/033/LE07_L2SP_040033_20200720_20200904_02_T1/LE07_L2SP_040033_20200720_20200904_02_T1_thumb_large.jpeg,s3://usgs-landsat/collection02/level-2/standard/etm/2020/040/033/LE07_L2SP_040033_20200720_20200904_02_T1/LE07_L2SP_040033_20200720_20200904_02_T1_SR_B1.TIF,s3://usgs-landsat/collection02/level-2/standard/etm/2020/040/033/LE07_L2SP_040033_20200720_20200904_02_T1/LE07_L2SP_040033_20200720_20200904_02_T1_SR_B2.TIF,s3://usgs-landsat/collection02/level-2/standard/etm/2020/040/033/LE07_L2SP_040033_20200720_20200904_02_T1/LE07_L2SP_040033_20200720_20200904_02_T1_SR_B3.TIF,s3://usgs-landsat/collection02/level-2/standard/etm/2020/040/033/LE07_L2SP_040033_20200720_20200904_02_T1/LE07_L2SP_040033_20200720_20200904_02_T1_SR_B4.TIF,s3://usgs-landsat/collection02/level-2/standard/etm/2020/040/033/LE07_L2SP_040033_20200720_20200904_02_T1/LE07_L2SP_040033_20200720_20200904_02_T1_ANG.txt,s3://usgs-landsat/collection02/level-2/standard/etm/2020/040/033/LE07_L2SP_040033_20200720_20200904_02_T1/LE07_L2SP_040033_20200720_20200904_02_T1_MTL.txt,s3://usgs-landsat/collection02/level-2/standard/etm/2020/040/033/LE07_L2SP_040033_20200720_20200904_02_T1/LE07_L2SP_040033_20200720_20200904_02_T1_MTL.xml,s3://usgs-landsat/collection02/level-2/standard/etm/2020/040/033/LE07_L2SP_040033_20200720_20200904_02_T1/LE07_L2SP_040033_20200720_20200904_02_T1_MTL.json,s3://usgs-landsat/collection02/level-2/standard/etm/2020/040/033/LE07_L2SP_040033_20200720_20200904_02_T1/LE07_L2SP_040033_20200720_20200904_02_T1_QA_PIXEL.TIF,s3://usgs-landsat/collection02/level-2/standard/etm/2020/040/033/LE07_L2SP_040033_20200720_20200904_02_T1/LE07_L2SP_040033_20200720_20200904_02_T1_QA_RADSAT.TIF
20,LC08_L2SP_040033_20200712_20200912_02_T1_SR,LC80400332020194LGN00,"['OLI', 'TIRS']",0.43,s3://usgs-landsat/collection02/level-2/standard/oli-tirs/2020/040/033/LC08_L2SP_040033_20200712_20200912_02_T1/LC08_L2SP_040033_20200712_20200912_02_T1_thumb_small.jpeg,s3://usgs-landsat/collection02/level-2/standard/oli-tirs/2020/040/033/LC08_L2SP_040033_20200712_20200912_02_T1/LC08_L2SP_040033_20200712_20200912_02_T1_thumb_large.jpeg,s3://usgs-landsat/collection02/level-2/standard/oli-tirs/2020/040/033/LC08_L2SP_040033_20200712_20200912_02_T1/LC08_L2SP_040033_20200712_20200912_02_T1_SR_B2.TIF,s3://usgs-landsat/collection02/level-2/standard/oli-tirs/2020/040/033/LC08_L2SP_040033_20200712_20200912_02_T1/LC08_L2SP_040033_20200712_20200912_02_T1_SR_B3.TIF,s3://usgs-landsat/collection02/level-2/standard/oli-tirs/2020/040/033/LC08_L2SP_040033_20200712_20200912_02_T1/LC08_L2SP_040033_20200712_20200912_02_T1_SR_B4.TIF,s3://usgs-landsat/collection02/level-2/standard/oli-tirs/2020/040/033/LC08_L2SP_040033_20200712_20200912_02_T1/LC08_L2SP_040033_20200712_20200912_02_T1_SR_B5.TIF,s3://usgs-landsat/collection02/level-2/standard/oli-tirs/2020/040/033/LC08_L2SP_040033_20200712_20200912_02_T1/LC08_L2SP_040033_20200712_20200912_02_T1_ANG.txt,s3://usgs-landsat/collection02/level-2/standard/oli-tirs/2020/040/033/LC08_L2SP_040033_20200712_20200912_02_T1/LC08_L2SP_040033_20200712_20200912_02_T1_MTL.txt,s3://usgs-landsat/collection02/level-2/standard/oli-tirs/2020/040/033/LC08_L2SP_040033_20200712_20200912_02_T1/LC08_L2SP_040033_20200712_20200912_02_T1_MTL.xml,s3://usgs-landsat/collection02/level-2/standard/oli-tirs/2020/040/033/LC08_L2SP_040033_20200712_20200912_02_T1/LC08_L2SP_040033_20200712_20200912_02_T1_MTL.json,s3://usgs-landsat/collection02/level-2/standard/oli-tirs/2020/040/033/LC08_L2SP_040033_20200712_20200912_02_T1/LC08_L2SP_040033_20200712_20200912_02_T1_QA_PIXEL.TIF,s3://usgs-landsat/collection02/level-2/standard/oli-tirs/2020/040/033/LC08_L2SP_040033_20200712_20200912_02_T1/LC08_L2SP_040033_20200712_20200912_02_T1_QA_RADSAT.TIF
21,LE07_L2SP_040033_20200704_20200907_02_T1_SR,LE70400332020186EDC00,['ETM'],0.0,s3://usgs-landsat/collection02/level-2/standard/etm/2020/040/033/LE07_L2SP_040033_20200704_20200907_02_T1/LE07_L2SP_040033_20200704_20200907_02_T1_thumb_small.jpeg,s3://usgs-landsat/collection02/level-2/standard/etm/2020/040/033/LE07_L2SP_040033_20200704_20200907_02_T1/LE07_L2SP_040033_20200704_20200907_02_T1_thumb_large.jpeg,s3://usgs-landsat/collection02/level-2/standard/etm/2020/040/033/LE07_L2SP_040033_20200704_20200907_02_T1/LE07_L2SP_040033_20200704_20200907_02_T1_SR_B1.TIF,s3://usgs-landsat/collection02/level-2/standard/etm/2020/040/033/LE07_L2SP_040033_20200704_20200907_02_T1/LE07_L2SP_040033_20200704_20200907_02_T1_SR_B2.TIF,s3://usgs-landsat/collection02/level-2/standard/etm/2020/040/033/LE07_L2SP_040033_20200704_20200907_02_T1/LE07_L2SP_040033_20200704_20200907_02_T1_SR_B3.TIF,s3://usgs-landsat/collection02/level-2/standard/etm/2020/040/033/LE07_L2SP_040033_20200704_20200907_02_T1/LE07_L2SP_040033_20200704_20200907_02_T1_SR_B4.TIF,s3://usgs-landsat/collection02/level-2/standard/etm/2020/040/033/LE07_L2SP_040033_20200704_20200907_02_T1/LE07_L2SP_040033_20200704_20200907_02_T1_ANG.txt,s3://usgs-landsat/collection02/level-2/standard/etm/2020/040/033/LE07_L2SP_040033_20200704_20200907_02_T1/LE07_L2SP_040033_20200704_20200907_02_T1_MTL.txt,s3://usgs-landsat/collection02/level-2/standard/etm/2020/040/033/LE07_L2SP_040033_20200704_20200907_02_T1/LE07_L2SP_040033_20200704_20200907_02_T1_MTL.xml,s3://usgs-landsat/collection02/level-2/standard/etm/2020/040/033/LE07_L2SP_040033_20200704_20200907_02_T1/LE07_L2SP_040033_20200704_20200907_02_T1_MTL.json,s3://usgs-landsat/collection02/level-2/standard/etm/2020/040/033/LE07_L2SP_040033_20200704_20200907_02_T1/LE07_L2SP_040033_20200704_20200907_02_T1_QA_PIXEL.TIF,s3://usgs-landsat/collection02/level-2/standard/etm/2020/040/033/LE07_L2SP_040033_20200704_20200907_02_T1/LE07_L2SP_040033_20200704_20200907_02_T1_QA_RADSAT.TIF
22,LC08_L2SP_040033_20200626_20200823_02_T1_SR,LC80400332020178LGN00,"['OLI', 'TIRS']",8.86,s3://usgs-landsat/collection02/level-2/standard/oli-tirs/2020/040/033/LC08_L2SP_040033_20200626_20200823_02_T1/LC08_L2SP_040033_20200626_20200823_02_T1_thumb_small.jpeg,s3://usgs-landsat/collection02/level-2/standard/oli-tirs/2020/040/033/LC08_L2SP_040033_20200626_20200823_02_T1/LC08_L2SP_040033_20200626_20200823_02_T1_thumb_large.jpeg,s3://usgs-landsat/collection02/level-2/standard/oli-tirs/2020/040/033/LC08_L2SP_040033_20200626_20200823_02_T1/LC08_L2SP_040033_20200626_20200823_02_T1_SR_B2.TIF,s3://usgs-landsat/collection02/level-2/standard/oli-tirs/2020/040/033/LC08_L2SP_040033_20200626_20200823_02_T1/LC08_L2SP_040033_20200626_20200823_02_T1_SR_B3.TIF,s3://usgs-landsat/collection02/level-2/standard/oli-tirs/2020/040/033/LC08_L2SP_040033_20200626_20200823_02_T1/LC08_L2SP_040033_20200626_20200823_02_T1_SR_B4.TIF,s3://usgs-landsat/collection02/level-2/standard/oli-tirs/2020/040/033/LC08_L2SP_040033_20200626_20200823_02_T1/LC08_L2SP_040033_20200626_20200823_02_T1_SR_B5.TIF,s3://usgs-landsat/collection02/level-2/standard/oli-tirs/2020/040/033/LC08_L2SP_040033_20200626_20200823_02_T1/LC08_L2SP_040033_20200626_20200823_02_T1_ANG.txt,s3://usgs-landsat/collection02/level-2/standard/oli-tirs/2020/040/033/LC08_L2SP_040033_20200626_20200823_02_T1/LC08_L2SP_040033_20200626_20200823_02_T1_MTL.txt,s3://usgs-landsat/collection02/level-2/standard/oli-tirs/2020/040/033/LC08_L2SP_040033_20200626_20200823_02_T1/LC08_L2SP_040033_20200626_20200823_02_T1_MTL.xml,s3://usgs-landsat/collection02/level-2/standard/oli-tirs/2020/040/033/LC08_L2SP_040033_20200626_20200823_02_T1/LC08_L2SP_040033_20200626_20200823_02_T1_MTL.json,s3://usgs-landsat/collection02/level-2/standard/oli-tirs/2020/040/033/LC08_L2SP_040033_20200626_20200823_02_T1/LC08_L2SP_040033_20200626_20200823_02_T1_QA_PIXEL.TIF,s3://usgs-landsat/collection02/level-2/standard/oli-tirs/2020/040/033/LC08_L2SP_040033_20200626_20200823_02_T1/LC08_L2SP_040033_20200626_20200823_02_T1_QA_RADSAT.TIF
23,LE07_L2SP_040033_20200618_20200822_02_T1_SR,LE70400332020170EDC00,['ETM'],6.0,s3://usgs-landsat/collection02/level-2/standard/etm/2020/040/033/LE07_L2SP_040033_20200618_20200822_02_T1/LE07_L2SP_040033_20200618_20200822_02_T1_thumb_small.jpeg,s3://usgs-landsat/collection02/level-2/standard/etm/2020/040/033/LE07_L2SP_040033_20200618_20200822_02_T1/LE07_L2SP_040033_20200618_20200822_02_T1_thumb_large.jpeg,s3://usgs-landsat/collection02/level-2/standard/etm/2020/040/033/LE07_L2SP_040033_20200618_20200822_02_T1/LE07_L2SP_040033_20200618_20200822_02_T1_SR_B1.TIF,s3://usgs-landsat/collection02/level-2/standard/etm/2020/040/033/LE07_L2SP_040033_20200618_20200822_02_T1/LE07_L2SP_040033_20200618_20200822_02_T1_SR_B2.TIF,s3://usgs-landsat/collection02/level-2/standard/etm/2020/040/033/LE07_L2SP_040033_20200618_20200822_02_T1/LE07_L2SP_040033_20200618_20200822_02_T1_SR_B3.TIF,s3://usgs-landsat/collection02/level-2/standard/etm/2020/040/033/LE07_L2SP_040033_20200618_20200822_02_T1/LE07_L2SP_040033_20200618_20200822_02_T1_SR_B4.TIF,s3://usgs-landsat/collection02/level-2/standard/etm/2020/040/033/LE07_L2SP_040033_20200618_20200822_02_T1/LE07_L2SP_040033_20200618_20200822_02_T1_ANG.txt,s3://usgs-landsat/collection02/level-2/standard/etm/2020/040/033/LE07_L2SP_040033_20200618_20200822_02_T1/LE07_L2SP_040033_20200618_20200822_02_T1_MTL.txt,s3://usgs-landsat/collection02/level-2/standard/etm/2020/040/033/LE07_L2SP_040033_20200618_20200822_02_T1/LE07_L2SP_040033_20200618_20200822_02_T1_MTL.xml,s3://usgs-landsat/collection02/level-2/standard/etm/2020/040/033/LE07_L2SP_040033_20200618_20200822_02_T1/LE07_L2SP_040033_20200618_20200822_02_T1_MTL.json,s3://usgs-landsat/collection02/level-2/standard/etm/2020/040/033/LE07_L2SP_040033_20200618_20200822_02_T1/LE07_L2SP_040033_20200618_20200822_02_T1_QA_PIXEL.TIF,s3://usgs-landsat/collection02/level-2/standard/etm/2020/040/033/LE07_L2SP_040033_20200618_20200822_02_T1/LE07_L2SP_040033_20200618_20200822_02_T1_QA_RADSAT.TIF
24,LC08_L2SP_040033_20200610_20200825_02_T1_SR,LC80400332020162LGN00,"['OLI', 'TIRS']",9.2,s3://usgs-landsat/collection02/level-2/standard/oli-tirs/2020/040/033/LC08_L2SP_040033_20200610_20200825_02_T1/LC08_L2SP_040033_20200610_20200825_02_T1_thumb_small.jpeg,s3://usgs-landsat/collection02/level-2/standard/oli-tirs/2020/040/033/LC08_L2SP_040033_20200610_20200825_02_T1/LC08_L2SP_040033_20200610_20200825_02_T1_thumb_large.jpeg,s3://usgs-landsat/collection02/level-2/standard/oli-tirs/2020/040/033/LC08_L2SP_040033_20200610_20200825_02_T1/LC08_L2SP_040033_20200610_20200825_02_T1_SR_B2.TIF,s3://usgs-landsat/collection02/level-2/standard/oli-tirs/2020/040/033/LC08_L2SP_040033_20200610_20200825_02_T1/LC08_L2SP_040033_20200610_20200825_02_T1_SR_B3.TIF,s3://usgs-landsat/collection02/level-2/standard/oli-tirs/2020/040/033/LC08_L2SP_040033_20200610_20200825_02_T1/LC08_L2SP_040033_20200610_20200825_02_T1_SR_B4.TIF,s3://usgs-landsat/collection02/level-2/standard/oli-tirs/2020/040/033/LC08_L2SP_040033_20200610_20200825_02_T1/LC08_L2SP_040033_20200610_20200825_02_T1_SR_B5.TIF,s3://usgs-landsat/collection02/level-2/standard/oli-tirs/2020/040/033/LC08_L2SP_040033_20200610_20200825_02_T1/LC08_L2SP_040033_20200610_20200825_02_T1_ANG.txt,s3://usgs-landsat/collection02/level-2/standard/oli-tirs/2020/040/033/LC08_L2SP_040033_20200610_20200825_02_T1/LC08_L2SP_040033_20200610_20200825_02_T1_MTL.txt,s3://usgs-landsat/collection02/level-2/standard/oli-tirs/2020/040/033/LC08_L2SP_040033_20200610_20200825_02_T1/LC08_L2SP_040033_20200610_20200825_02_T1_MTL.xml,s3://usgs-landsat/collection02/level-2/standard/oli-tirs/2020/040/033/LC08_L2SP_040033_20200610_20200825_02_T1/LC08_L2SP_040033_20200610_20200825_02_T1_MTL.json,s3://usgs-landsat/collection02/level-2/standard/oli-tirs/2020/040/033/LC08_L2SP_040033_20200610_20200825_02_T1/LC08_L2SP_040033_20200610_20200825_02_T1_QA_PIXEL.TIF,s3://usgs-landsat/collection02/level-2/standard/oli-tirs/2020/040/033/LC08_L2SP_040033_20200610_20200825_02_T1/LC08_L2SP_040033_20200610_20200825_02_T1_QA_RADSAT.TIF
25,LE07_L2SP_040033_20200602_20200823_02_T1_SR,LE70400332020154EDC00,['ETM'],35.0,s3://usgs-landsat/collection02/level-2/standard/etm/2020/040/033/LE07_L2SP_040033_20200602_20200823_02_T1/LE07_L2SP_040033_20200602_20200823_02_T1_thumb_small.jpeg,s3://usgs-landsat/collection02/level-2/standard/etm/2020/040/033/LE07_L2SP_040033_20200602_20200823_02_T1/LE07_L2SP_040033_20200602_20200823_02_T1_thumb_large.jpeg,s3://usgs-landsat/collection02/level-2/standard/etm/2020/040/033/LE07_L2SP_040033_20200602_20200823_02_T1/LE07_L2SP_040033_20200602_20200823_02_T1_SR_B1.TIF,s3://usgs-landsat/collection02/level-2/standard/etm/2020/040/033/LE07_L2SP_040033_20200602_20200823_02_T1/LE07_L2SP_040033_20200602_20200823_02_T1_SR_B2.TIF,s3://usgs-landsat/collection02/level-2/standard/etm/2020/040/033/LE07_L2SP_040033_20200602_20200823_02_T1/LE07_L2SP_040033_20200602_20200823_02_T1_SR_B3.TIF,s3://usgs-landsat/collection02/level-2/standard/etm/2020/040/033/LE07_L2SP_040033_20200602_20200823_02_T1/LE07_L2SP_040033_20200602_20200823_02_T1_SR_B4.TIF,s3://usgs-landsat/collection02/level-2/standard/etm/2020/040/033/LE07_L2SP_040033_20200602_20200823_02_T1/LE07_L2SP_040033_20200602_20200823_02_T1_ANG.txt,s3://usgs-landsat/collection02/level-2/standard/etm/2020/040/033/LE07_L2SP_040033_20200602_20200823_02_T1/LE07_L2SP_040033_20200602_20200823_02_T1_MTL.txt,s3://usgs-landsat/collection02/level-2/standard/etm/2020/040/033/LE07_L2SP_040033_20200602_20200823_02_T1/LE07_L2SP_040033_20200602_20200823_02_T1_MTL.xml,s3://usgs-landsat/collection02/level-2/standard/etm/2020/040/033/LE07_L2SP_040033_20200602_20200823_02_T1/LE07_L2SP_040033_20200602_20200823_02_T1_MTL.json,s3://usgs-landsat/collection02/level-2/standard/etm/2020/040/033/LE07_L2SP_040033_20200602_20200823_02_T1/LE07_L2SP_040033_20200602_20200823_02_T1_QA_PIXEL.TIF,s3://usgs-landsat/collection02/level-2/standard/etm/2020/040/033/LE07_L2SP_040033_20200602_20200823_02_T1/LE07_L2SP_040033_20200602_20200823_02_T1_QA_RADSAT.TIF
26,LC08_L2SP_040033_20200525_20200820_02_T1_SR,LC80400332020146LGN00,"['OLI', 'TIRS']",0.09,s3://usgs-landsat/collection02/level-2/standard/oli-tirs/2020/040/033/LC08_L2SP_040033_20200525_20200820_02_T1/LC08_L2SP_040033_20200525_20200820_02_T1_thumb_small.jpeg,s3://usgs-landsat/collection02/level-2/standard/oli-tirs/2020/040/033/LC08_L2SP_040033_20200525_20200820_02_T1/LC08_L2SP_040033_20200525_20200820_02_T1_thumb_large.jpeg,s3://usgs-landsat/collection02/level-2/standard/oli-tirs/2020/040/033/LC08_L2SP_040033_20200525_20200820_02_T1/LC08_L2SP_040033_20200525_20200820_02_T1_SR_B2.TIF,s3://usgs-landsat/collection02/level-2/standard/oli-tirs/2020/040/033/LC08_L2SP_040033_20200525_20200820_02_T1/LC08_L2SP_040033_20200525_20200820_02_T1_SR_B3.TIF,s3://usgs-landsat/collection02/level-2/standard/oli-tirs/2020/040/033/LC08_L2SP_040033_20200525_20200820_02_T1/LC08_L2SP_040033_20200525_20200820_02_T1_SR_B4.TIF,s3://usgs-landsat/collection02/level-2/standard/oli-tirs/2020/040/033/LC08_L2SP_040033_20200525_20200820_02_T1/LC08_L2SP_040033_20200525_20200820_02_T1_SR_B5.TIF,s3://usgs-landsat/collection02/level-2/standard/oli-tirs/2020/040/033/LC08_L2SP_040033_20200525_20200820_02_T1/LC08_L2SP_040033_20200525_20200820_02_T1_ANG.txt,s3://usgs-landsat/collection02/level-2/standard/oli-tirs/2020/040/033/LC08_L2SP_040033_20200525_20200820_02_T1/LC08_L2SP_040033_20200525_20200820_02_T1_MTL.txt,s3://usgs-landsat/collection02/level-2/standard/oli-tirs/2020/040/033/LC08_L2SP_040033_20200525_20200820_02_T1/LC08_L2SP_040033_20200525_20200820_02_T1_MTL.xml,s3://usgs-landsat/collection02/level-2/standard/oli-tirs/2020/040/033/LC08_L2SP_040033_20200525_20200820_02_T1/LC08_L2SP_040033_20200525_20200820_02_T1_MTL.json,s3://usgs-landsat/collection02/level-2/standard/oli-tirs/2020/040/033/LC08_L2SP_040033_20200525_20200820_02_T1/LC08_L2SP_040033_20200525_20200820_02_T1_QA_PIXEL.TIF,s3://usgs-landsat/collection02/level-2/standard/oli-tirs/2020/040/033/LC08_L2SP_040033_20200525_20200820_02_T1/LC08_L2SP_040033_20200525_20200820_02_T1_QA_RADSAT.TIF
27,LE07_L2SP_040033_20200517_20200820_02_T1_SR,LE70400332020138EDC00,['ETM'],17.0,s3://usgs-landsat/collection02/level-2/standard/etm/2020/040/033/LE07_L2SP_040033_20200517_20200820_02_T1/LE07_L2SP_040033_20200517_20200820_02_T1_thumb_small.jpeg,s3://usgs-landsat/collection02/level-2/standard/etm/2020/040/033/LE07_L2SP_040033_20200517_20200820_02_T1/LE07_L2SP_040033_20200517_20200820_02_T1_thumb_large.jpeg,s3://usgs-landsat/collection02/level-2/standard/etm/2020/040/033/LE07_L2SP_040033_20200517_20200820_02_T1/LE07_L2SP_040033_20200517_20200820_02_T1_SR_B1.TIF,s3://usgs-landsat/collection02/level-2/standard/etm/2020/040/033/LE07_L2SP_040033_20200517_20200820_02_T1/LE07_L2SP_040033_20200517_20200820_02_T1_SR_B2.TIF,s3://usgs-landsat/collection02/level-2/standard/etm/2020/040/033/LE07_L2SP_040033_20200517_20200820_02_T1/LE07_L2SP_040033_20200517_20200820_02_T1_SR_B3.TIF,s3://usgs-landsat/collection02/level-2/standard/etm/2020/040/033/LE07_L2SP_040033_20200517_20200820_02_T1/LE07_L2SP_040033_20200517_20200820_02_T1_SR_B4.TIF,s3://usgs-landsat/collection02/level-2/standard/etm/2020/040/033/LE07_L2SP_040033_20200517_20200820_02_T1/LE07_L2SP_040033_20200517_20200820_02_T1_ANG.txt,s3://usgs-landsat/collection02/level-2/standard/etm/2020/040/033/LE07_L2SP_040033_20200517_20200820_02_T1/LE07_L2SP_040033_20200517_20200820_02_T1_MTL.txt,s3://usgs-landsat/collection02/level-2/standard/etm/2020/040/033/LE07_L2SP_040033_20200517_20200820_02_T1/LE07_L2SP_040033_20200517_20200820_02_T1_MTL.xml,s3://usgs-landsat/collection02/level-2/standard/etm/2020/040/033/LE07_L2SP_040033_20200517_20200820_02_T1/LE07_L2SP_040033_20200517_20200820_02_T1_MTL.json,s3://usgs-landsat/collection02/level-2/standard/etm/2020/040/033/LE07_L2SP_040033_20200517_20200820_02_T1/LE07_L2SP_040033_20200517_20200820_02_T1_QA_PIXEL.TIF,s3://usgs-landsat/collection02/level-2/standard/etm/2020/040/033/LE07_L2SP_040033_20200517_20200820_02_T1/LE07_L2SP_040033_20200517_20200820_02_T1_QA_RADSAT.TIF
28,LC08_L2SP_040033_20200509_20200820_02_T1_SR,LC80400332020130LGN00,"['OLI', 'TIRS']",28.08,s3://usgs-landsat/collection02/level-2/standard/oli-tirs/2020/040/033/LC08_L2SP_040033_20200509_20200820_02_T1/LC08_L2SP_040033_20200509_20200820_02_T1_thumb_small.jpeg,s3://usgs-landsat/collection02/level-2/standard/oli-tirs/2020/040/033/LC08_L2SP_040033_20200509_20200820_02_T1/LC08_L2SP_040033_20200509_20200820_02_T1_thumb_large.jpeg,s3://usgs-landsat/collection02/level-2/standard/oli-tirs/2020/040/033/LC08_L2SP_040033_20200509_20200820_02_T1/LC08_L2SP_040033_20200509_20200820_02_T1_SR_B2.TIF,s3://usgs-landsat/collection02/level-2/standard/oli-tirs/2020/040/033/LC08_L2SP_040033_20200509_20200820_02_T1/LC08_L2SP_040033_20200509_20200820_02_T1_SR_B3.TIF,s3://usgs-landsat/collection02/level-2/standard/oli-tirs/2020/040/033/LC08_L2SP_040033_20200509_20200820_02_T1/LC08_L2SP_040033_20200509_20200820_02_T1_SR_B4.TIF,s3://usgs-landsat/collection02/level-2/standard/oli-tirs/2020/040/033/LC08_L2SP_040033_20200509_20200820_02_T1/LC08_L2SP_040033_20200509_20200820_02_T1_SR_B5.TIF,s3://usgs-landsat/collection02/level-2/standard/oli-tirs/2020/040/033/LC08_L2SP_040033_20200509_20200820_02_T1/LC08_L2SP_040033_20200509_20200820_02_T1_ANG.txt,s3://usgs-landsat/collection02/level-2/standard/oli-tirs/2020/040/033/LC08_L2SP_040033_20200509_20200820_02_T1/LC08_L2SP_040033_20200509_20200820_02_T1_MTL.txt,s3://usgs-landsat/collection02/level-2/standard/oli-tirs/2020/040/033/LC08_L2SP_040033_20200509_20200820_02_T1/LC08_L2SP_040033_20200509_20200820_02_T1_MTL.xml,s3://usgs-landsat/collection02/level-2/standard/oli-tirs/2020/040/033/LC08_L2SP_040033_20200509_20200820_02_T1/LC08_L2SP_040033_20200509_20200820_02_T1_MTL.json,s3://usgs-landsat/collection02/level-2/standard/oli-tirs/2020/040/033/LC08_L2SP_040033_20200509_20200820_02_T1/LC08_L2SP_040033_20200509_20200820_02_T1_QA_PIXEL.TIF,s3://usgs-landsat/collection02/level-2/standard/oli-tirs/2020/040/033/LC08_L2SP_040033_20200509_20200820_02_T1/LC08_L2SP_040033_20200509_20200820_02_T1_QA_RADSAT.TIF
29,LE07_L2SP_040033_20200501_20200820_02_T1_SR,LE70400332020122EDC00,['ETM'],73.0,s3://usgs-landsat/collection02/level-2/standard/etm/2020/040/033/LE07_L2SP_040033_20200501_20200820_02_T1/LE07_L2SP_040033_20200501_20200820_02_T1_thumb_small.jpeg,s3://usgs-landsat/collection02/level-2/standard/etm/2020/040/033/LE07_L2SP_040033_20200501_20200820_02_T1/LE07_L2SP_040033_20200501_20200820_02_T1_thumb_large.jpeg,s3://usgs-landsat/collection02/level-2/standard/etm/2020/040/033/LE07_L2SP_040033_20200501_20200820_02_T1/LE07_L2SP_040033_20200501_20200820_02_T1_SR_B1.TIF,s3://usgs-landsat/collection02/level-2/standard/etm/2020/040/033/LE07_L2SP_040033_20200501_20200820_02_T1/LE07_L2SP_040033_20200501_20200820_02_T1_SR_B2.TIF,s3://usgs-landsat/collection02/level-2/standard/etm/2020/040/033/LE07_L2SP_040033_20200501_20200820_02_T1/LE07_L2SP_040033_20200501_20200820_02_T1_SR_B3.TIF,s3://usgs-landsat/collection02/level-2/standard/etm/2020/040/033/LE07_L2SP_040033_20200501_20200820_02_T1/LE07_L2SP_040033_20200501_20200820_02_T1_SR_B4.TIF,s3://usgs-landsat/collection02/level-2/standard/etm/2020/040/033/LE07_L2SP_040033_20200501_20200820_02_T1/LE07_L2SP_040033_20200501_20200820_02_T1_ANG.txt,s3://usgs-landsat/collection02/level-2/standard/etm/2020/040/033/LE07_L2SP_040033_20200501_20200820_02_T1/LE07_L2SP_040033_20200501_20200820_02_T1_MTL.txt,s3://usgs-landsat/collection02/level-2/standard/etm/2020/040/033/LE07_L2SP_040033_20200501_20200820_02_T1/LE07_L2SP_040033_20200501_20200820_02_T1_MTL.xml,s3://usgs-landsat/collection02/level-2/standard/etm/2020/040/033/LE07_L2SP_040033_20200501_20200820_02_T1/LE07_L2SP_040033_20200501_20200820_02_T1_MTL.json,s3://usgs-landsat/collection02/level-2/standard/etm/2020/040/033/LE07_L2SP_040033_20200501_20200820_02_T1/LE07_L2SP_040033_20200501_20200820_02_T1_QA_PIXEL.TIF,s3://usgs-landsat/collection02/level-2/standard/etm/2020/040/033/LE07_L2SP_040033_20200501_20200820_02_T1/LE07_L2SP_040033_20200501_20200820_02_T1_QA_RADSAT.TIF
30,LC08_L2SP_040033_20200423_20200822_02_T1_SR,LC80400332020114LGN00,"['OLI', 'TIRS']",18.44,s3://usgs-landsat/collection02/level-2/standard/oli-tirs/2020/040/033/LC08_L2SP_040033_20200423_20200822_02_T1/LC08_L2SP_040033_20200423_20200822_02_T1_thumb_small.jpeg,s3://usgs-landsat/collection02/level-2/standard/oli-tirs/2020/040/033/LC08_L2SP_040033_20200423_20200822_02_T1/LC08_L2SP_040033_20200423_20200822_02_T1_thumb_large.jpeg,s3://usgs-landsat/collection02/level-2/standard/oli-tirs/2020/040/033/LC08_L2SP_040033_20200423_20200822_02_T1/LC08_L2SP_040033_20200423_20200822_02_T1_SR_B2.TIF,s3://usgs-landsat/collection02/level-2/standard/oli-tirs/2020/040/033/LC08_L2SP_040033_20200423_20200822_02_T1/LC08_L2SP_040033_20200423_20200822_02_T1_SR_B3.TIF,s3://usgs-landsat/collection02/level-2/standard/oli-tirs/2020/040/033/LC08_L2SP_040033_20200423_20200822_02_T1/LC08_L2SP_040033_20200423_20200822_02_T1_SR_B4.TIF,s3://usgs-landsat/collection02/level-2/standard/oli-tirs/2020/040/033/LC08_L2SP_040033_20200423_20200822_02_T1/LC08_L2SP_040033_20200423_20200822_02_T1_SR_B5.TIF,s3://usgs-landsat/collection02/level-2/standard/oli-tirs/2020/040/033/LC08_L2SP_040033_20200423_20200822_02_T1/LC08_L2SP_040033_20200423_20200822_02_T1_ANG.txt,s3://usgs-landsat/collection02/level-2/standard/oli-tirs/2020/040/033/LC08_L2SP_040033_20200423_20200822_02_T1/LC08_L2SP_040033_20200423_20200822_02_T1_MTL.txt,s3://usgs-landsat/collection02/level-2/standard/oli-tirs/2020/040/033/LC08_L2SP_040033_20200423_20200822_02_T1/LC08_L2SP_040033_20200423_20200822_02_T1_MTL.xml,s3://usgs-landsat/collection02/level-2/standard/oli-tirs/2020/040/033/LC08_L2SP_040033_20200423_20200822_02_T1/LC08_L2SP_040033_20200423_20200822_02_T1_MTL.json,s3://usgs-landsat/collection02/level-2/standard/oli-tirs/2020/040/033/LC08_L2SP_040033_20200423_20200822_02_T1/LC08_L2SP_040033_20200423_20200822_02_T1_QA_PIXEL.TIF,s3://usgs-landsat/collection02/level-2/standard/oli-tirs/2020/040/033/LC08_L2SP_040033_20200423_20200822_02_T1/LC08_L2SP_040033_20200423_20200822_02_T1_QA_RADSAT.TIF
31,LE07_L2SP_040033_20200415_20200820_02_T1_SR,LE70400332020106EDC00,['ETM'],8.0,s3://usgs-landsat/collection02/level-2/standard/etm/2020/040/033/LE07_L2SP_040033_20200415_20200820_02_T1/LE07_L2SP_040033_20200415_20200820_02_T1_thumb_small.jpeg,s3://usgs-landsat/collection02/level-2/standard/etm/2020/040/033/LE07_L2SP_040033_20200415_20200820_02_T1/LE07_L2SP_040033_20200415_20200820_02_T1_thumb_large.jpeg,s3://usgs-landsat/collection02/level-2/standard/etm/2020/040/033/LE07_L2SP_040033_20200415_20200820_02_T1/LE07_L2SP_040033_20200415_20200820_02_T1_SR_B1.TIF,s3://usgs-landsat/collection02/level-2/standard/etm/2020/040/033/LE07_L2SP_040033_20200415_20200820_02_T1/LE07_L2SP_040033_20200415_20200820_02_T1_SR_B2.TIF,s3://usgs-landsat/collection02/level-2/standard/etm/2020/040/033/LE07_L2SP_040033_20200415_20200820_02_T1/LE07_L2SP_040033_20200415_20200820_02_T1_SR_B3.TIF,s3://usgs-landsat/collection02/level-2/standard/etm/2020/040/033/LE07_L2SP_040033_20200415_20200820_02_T1/LE07_L2SP_040033_20200415_20200820_02_T1_SR_B4.TIF,s3://usgs-landsat/collection02/level-2/standard/etm/2020/040/033/LE07_L2SP_040033_20200415_20200820_02_T1/LE07_L2SP_040033_20200415_20200820_02_T1_ANG.txt,s3://usgs-landsat/collection02/level-2/standard/etm/2020/040/033/LE07_L2SP_040033_20200415_20200820_02_T1/LE07_L2SP_040033_20200415_20200820_02_T1_MTL.txt,s3://usgs-landsat/collection02/level-2/standard/etm/2020/040/033/LE07_L2SP_040033_20200415_20200820_02_T1/LE07_L2SP_040033_20200415_20200820_02_T1_MTL.xml,s3://usgs-landsat/collection02/level-2/standard/etm/2020/040/033/LE07_L2SP_040033_20200415_20200820_02_T1/LE07_L2SP_040033_20200415_20200820_02_T1_MTL.json,s3://usgs-landsat/collection02/level-2/standard/etm/2020/040/033/LE07_L2SP_040033_20200415_20200820_02_T1/LE07_L2SP_040033_20200415_20200820_02_T1_QA_PIXEL.TIF,s3://usgs-landsat/collection02/level-2/standard/etm/2020/040/033/LE07_L2SP_040033_20200415_20200820_02_T1/LE07_L2SP_040033_20200415_20200820_02_T1_QA_RADSAT.TIF
32,LC08_L2SP_040033_20200407_20200822_02_T1_SR,LC80400332020098LGN00,"['OLI', 'TIRS']",85.71,s3://usgs-landsat/collection02/level-2/standard/oli-tirs/2020/040/033/LC08_L2SP_040033_20200407_20200822_02_T1/LC08_L2SP_040033_20200407_20200822_02_T1_thumb_small.jpeg,s3://usgs-landsat/collection02/level-2/standard/oli-tirs/2020/040/033/LC08_L2SP_040033_20200407_20200822_02_T1/LC08_L2SP_040033_20200407_20200822_02_T1_thumb_large.jpeg,s3://usgs-landsat/collection02/level-2/standard/oli-tirs/2020/040/033/LC08_L2SP_040033_20200407_20200822_02_T1/LC08_L2SP_040033_20200407_20200822_02_T1_SR_B2.TIF,s3://usgs-landsat/collection02/level-2/standard/oli-tirs/2020/040/033/LC08_L2SP_040033_20200407_20200822_02_T1/LC08_L2SP_040033_20200407_20200822_02_T1_SR_B3.TIF,s3://usgs-landsat/collection02/level-2/standard/oli-tirs/2020/040/033/LC08_L2SP_040033_20200407_20200822_02_T1/LC08_L2SP_040033_20200407_20200822_02_T1_SR_B4.TIF,s3://usgs-landsat/collection02/level-2/standard/oli-tirs/2020/040/033/LC08_L2SP_040033_20200407_20200822_02_T1/LC08_L2SP_040033_20200407_20200822_02_T1_SR_B5.TIF,s3://usgs-landsat/collection02/level-2/standard/oli-tirs/2020/040/033/LC08_L2SP_040033_20200407_20200822_02_T1/LC08_L2SP_040033_20200407_20200822_02_T1_ANG.txt,s3://usgs-landsat/collection02/level-2/standard/oli-tirs/2020/040/033/LC08_L2SP_040033_20200407_20200822_02_T1/LC08_L2SP_040033_20200407_20200822_02_T1_MTL.txt,s3://usgs-landsat/collection02/level-2/standard/oli-tirs/2020/040/033/LC08_L2SP_040033_20200407_20200822_02_T1/LC08_L2SP_040033_20200407_20200822_02_T1_MTL.xml,s3://usgs-landsat/collection02/level-2/standard/oli-tirs/2020/040/033/LC08_L2SP_040033_20200407_20200822_02_T1/LC08_L2SP_040033_20200407_20200822_02_T1_MTL.json,s3://usgs-landsat/collection02/level-2/standard/oli-tirs/2020/040/033/LC08_L2SP_040033_20200407_20200822_02_T1/LC08_L2SP_040033_20200407_20200822_02_T1_QA_PIXEL.TIF,s3://usgs-landsat/collection02/level-2/standard/oli-tirs/2020/040/033/LC08_L2SP_040033_20200407_20200822_02_T1/LC08_L2SP_040033_20200407_20200822_02_T1_QA_RADSAT.TIF
33,LE07_L2SP_040033_20200330_20200822_02_T1_SR,LE70400332020090EDC00,['ETM'],9.0,s3://usgs-landsat/collection02/level-2/standard/etm/2020/040/033/LE07_L2SP_040033_20200330_20200822_02_T1/LE07_L2SP_040033_20200330_20200822_02_T1_thumb_small.jpeg,s3://usgs-landsat/collection02/level-2/standard/etm/2020/040/033/LE07_L2SP_040033_20200330_20200822_02_T1/LE07_L2SP_040033_20200330_20200822_02_T1_thumb_large.jpeg,s3://usgs-landsat/collection02/level-2/standard/etm/2020/040/033/LE07_L2SP_040033_20200330_20200822_02_T1/LE07_L2SP_040033_20200330_20200822_02_T1_SR_B1.TIF,s3://usgs-landsat/collection02/level-2/standard/etm/2020/040/033/LE07_L2SP_040033_20200330_20200822_02_T1/LE07_L2SP_040033_20200330_20200822_02_T1_SR_B2.TIF,s3://usgs-landsat/collection02/level-2/standard/etm/2020/040/033/LE07_L2SP_040033_20200330_20200822_02_T1/LE07_L2SP_040033_20200330_20200822_02_T1_SR_B3.TIF,s3://usgs-landsat/collection02/level-2/standard/etm/2020/040/033/LE07_L2SP_040033_20200330_20200822_02_T1/LE07_L2SP_040033_20200330_20200822_02_T1_SR_B4.TIF,s3://usgs-landsat/collection02/level-2/standard/etm/2020/040/033/LE07_L2SP_040033_20200330_20200822_02_T1/LE07_L2SP_040033_20200330_20200822_02_T1_ANG.txt,s3://usgs-landsat/collection02/level-2/standard/etm/2020/040/033/LE07_L2SP_040033_20200330_20200822_02_T1/LE07_L2SP_040033_20200330_20200822_02_T1_MTL.txt,s3://usgs-landsat/collection02/level-2/standard/etm/2020/040/033/LE07_L2SP_040033_20200330_20200822_02_T1/LE07_L2SP_040033_20200330_20200822_02_T1_MTL.xml,s3://usgs-landsat/collection02/level-2/standard/etm/2020/040/033/LE07_L2SP_040033_20200330_20200822_02_T1/LE07_L2SP_040033_20200330_20200822_02_T1_MTL.json,s3://usgs-landsat/collection02/level-2/standard/etm/2020/040/033/LE07_L2SP_040033_20200330_20200822_02_T1/LE07_L2SP_040033_20200330_20200822_02_T1_QA_PIXEL.TIF,s3://usgs-landsat/collection02/level-2/standard/etm/2020/040/033/LE07_L2SP_040033_20200330_20200822_02_T1/LE07_L2SP_040033_20200330_20200822_02_T1_QA_RADSAT.TIF
34,LC08_L2SP_040033_20200322_20200822_02_T1_SR,LC80400332020082LGN00,"['OLI', 'TIRS']",12.54,s3://usgs-landsat/collection02/level-2/standard/oli-tirs/2020/040/033/LC08_L2SP_040033_20200322_20200822_02_T1/LC08_L2SP_040033_20200322_20200822_02_T1_thumb_small.jpeg,s3://usgs-landsat/collection02/level-2/standard/oli-tirs/2020/040/033/LC08_L2SP_040033_20200322_20200822_02_T1/LC08_L2SP_040033_20200322_20200822_02_T1_thumb_large.jpeg,s3://usgs-landsat/collection02/level-2/standard/oli-tirs/2020/040/033/LC08_L2SP_040033_20200322_20200822_02_T1/LC08_L2SP_040033_20200322_20200822_02_T1_SR_B2.TIF,s3://usgs-landsat/collection02/level-2/standard/oli-tirs/2020/040/033/LC08_L2SP_040033_20200322_20200822_02_T1/LC08_L2SP_040033_20200322_20200822_02_T1_SR_B3.TIF,s3://usgs-landsat/collection02/level-2/standard/oli-tirs/2020/040/033/LC08_L2SP_040033_20200322_20200822_02_T1/LC08_L2SP_040033_20200322_20200822_02_T1_SR_B4.TIF,s3://usgs-landsat/collection02/level-2/standard/oli-tirs/2020/040/033/LC08_L2SP_040033_20200322_20200822_02_T1/LC08_L2SP_040033_20200322_20200822_02_T1_SR_B5.TIF,s3://usgs-landsat/collection02/level-2/standard/oli-tirs/2020/040/033/LC08_L2SP_040033_20200322_20200822_02_T1/LC08_L2SP_040033_20200322_20200822_02_T1_ANG.txt,s3://usgs-landsat/collection02/level-2/standard/oli-tirs/2020/040/033/LC08_L2SP_040033_20200322_20200822_02_T1/LC08_L2SP_040033_20200322_20200822_02_T1_MTL.txt,s3://usgs-landsat/collection02/level-2/standard/oli-tirs/2020/040/033/LC08_L2SP_040033_20200322_20200822_02_T1/LC08_L2SP_040033_20200322_20200822_02_T1_MTL.xml,s3://usgs-landsat/collection02/level-2/standard/oli-tirs/2020/040/033/LC08_L2SP_040033_20200322_20200822_02_T1/LC08_L2SP_040033_20200322_20200822_02_T1_MTL.json,s3://usgs-landsat/collection02/level-2/standard/oli-tirs/2020/040/033/LC08_L2SP_040033_20200322_20200822_02_T1/LC08_L2SP_040033_20200322_20200822_02_T1_QA_PIXEL.TIF,s3://usgs-landsat/collection02/level-2/standard/oli-tirs/2020/040/033/LC08_L2SP_040033_20200322_20200822_02_T1/LC08_L2SP_040033_20200322_20200822_02_T1_QA_RADSAT.TIF
35,LE07_L2SP_040033_20200314_20200822_02_T1_SR,LE70400332020074EDC00,['ETM'],76.0,s3://usgs-landsat/collection02/level-2/standard/etm/2020/040/033/LE07_L2SP_040033_20200314_20200822_02_T1/LE07_L2SP_040033_20200314_20200822_02_T1_thumb_small.jpeg,s3://usgs-landsat/collection02/level-2/standard/etm/2020/040/033/LE07_L2SP_040033_20200314_20200822_02_T1/LE07_L2SP_040033_20200314_20200822_02_T1_thumb_large.jpeg,s3://usgs-landsat/collection02/level-2/standard/etm/2020/040/033/LE07_L2SP_040033_20200314_20200822_02_T1/LE07_L2SP_040033_20200314_20200822_02_T1_SR_B1.TIF,s3://usgs-landsat/collection02/level-2/standard/etm/2020/040/033/LE07_L2SP_040033_20200314_20200822_02_T1/LE07_L2SP_040033_20200314_20200822_02_T1_SR_B2.TIF,s3://usgs-landsat/collection02/level-2/standard/etm/2020/040/033/LE07_L2SP_040033_20200314_20200822_02_T1/LE07_L2SP_040033_20200314_20200822_02_T1_SR_B3.TIF,s3://usgs-landsat/collection02/level-2/standard/etm/2020/040/033/LE07_L2SP_040033_20200314_20200822_02_T1/LE07_L2SP_040033_20200314_20200822_02_T1_SR_B4.TIF,s3://usgs-landsat/collection02/level-2/standard/etm/2020/040/033/LE07_L2SP_040033_20200314_20200822_02_T1/LE07_L2SP_040033_20200314_20200822_02_T1_ANG.txt,s3://usgs-landsat/collection02/level-2/standard/etm/2020/040/033/LE07_L2SP_040033_20200314_20200822_02_T1/LE07_L2SP_040033_20200314_20200822_02_T1_MTL.txt,s3://usgs-landsat/collection02/level-2/standard/etm/2020/040/033/LE07_L2SP_040033_20200314_20200822_02_T1/LE07_L2SP_040033_20200314_20200822_02_T1_MTL.xml,s3://usgs-landsat/collection02/level-2/standard/etm/2020/040/033/LE07_L2SP_040033_20200314_20200822_02_T1/LE07_L2SP_040033_20200314_20200822_02_T1_MTL.json,s3://usgs-landsat/collection02/level-2/standard/etm/2020/040/033/LE07_L2SP_040033_20200314_20200822_02_T1/LE07_L2SP_040033_20200314_20200822_02_T1_QA_PIXEL.TIF,s3://usgs-landsat/collection02/level-2/standard/etm/2020/040/033/LE07_L2SP_040033_20200314_20200822_02_T1/LE07_L2SP_040033_20200314_20200822_02_T1_QA_RADSAT.TIF
36,LC08_L2SP_040033_20200306_20200822_02_T1_SR,LC80400332020066LGN00,"['OLI', 'TIRS']",77.43,s3://usgs-landsat/collection02/level-2/standard/oli-tirs/2020/040/033/LC08_L2SP_040033_20200306_20200822_02_T1/LC08_L2SP_040033_20200306_20200822_02_T1_thumb_small.jpeg,s3://usgs-landsat/collection02/level-2/standard/oli-tirs/2020/040/033/LC08_L2SP_040033_20200306_20200822_02_T1/LC08_L2SP_040033_20200306_20200822_02_T1_thumb_large.jpeg,s3://usgs-landsat/collection02/level-2/standard/oli-tirs/2020/040/033/LC08_L2SP_040033_20200306_20200822_02_T1/LC08_L2SP_040033_20200306_20200822_02_T1_SR_B2.TIF,s3://usgs-landsat/collection02/level-2/standard/oli-tirs/2020/040/033/LC08_L2SP_040033_20200306_20200822_02_T1/LC08_L2SP_040033_20200306_20200822_02_T1_SR_B3.TIF,s3://usgs-landsat/collection02/level-2/standard/oli-tirs/2020/040/033/LC08_L2SP_040033_20200306_20200822_02_T1/LC08_L2SP_040033_20200306_20200822_02_T1_SR_B4.TIF,s3://usgs-landsat/collection02/level-2/standard/oli-tirs/2020/040/033/LC08_L2SP_040033_20200306_20200822_02_T1/LC08_L2SP_040033_20200306_20200822_02_T1_SR_B5.TIF,s3://usgs-landsat/collection02/level-2/standard/oli-tirs/2020/040/033/LC08_L2SP_040033_20200306_20200822_02_T1/LC08_L2SP_040033_20200306_20200822_02_T1_ANG.txt,s3://usgs-landsat/collection02/level-2/standard/oli-tirs/2020/040/033/LC08_L2SP_040033_20200306_20200822_02_T1/LC08_L2SP_040033_20200306_20200822_02_T1_MTL.txt,s3://usgs-landsat/collection02/level-2/standard/oli-tirs/2020/040/033/LC08_L2SP_040033_20200306_20200822_02_T1/LC08_L2SP_040033_20200306_20200822_02_T1_MTL.xml,s3://usgs-landsat/collection02/level-2/standard/oli-tirs/2020/040/033/LC08_L2SP_040033_20200306_20200822_02_T1/LC08_L2SP_040033_20200306_20200822_02_T1_MTL.json,s3://usgs-landsat/collection02/level-2/standard/oli-tirs/2020/040/033/LC08_L2SP_040033_20200306_20200822_02_T1/LC08_L2SP_040033_20200306_20200822_02_T1_QA_PIXEL.TIF,s3://usgs-landsat/collection02/level-2/standard/oli-tirs/2020/040/033/LC08_L2SP_040033_20200306_20200822_02_T1/LC08_L2SP_040033_20200306_20200822_02_T1_QA_RADSAT.TIF
37,LE07_L2SP_040033_20200227_20200822_02_T1_SR,LE70400332020058EDC00,['ETM'],2.0,s3://usgs-landsat/collection02/level-2/standard/etm/2020/040/033/LE07_L2SP_040033_20200227_20200822_02_T1/LE07_L2SP_040033_20200227_20200822_02_T1_thumb_small.jpeg,s3://usgs-landsat/collection02/level-2/standard/etm/2020/040/033/LE07_L2SP_040033_20200227_20200822_02_T1/LE07_L2SP_040033_20200227_20200822_02_T1_thumb_large.jpeg,s3://usgs-landsat/collection02/level-2/standard/etm/2020/040/033/LE07_L2SP_040033_20200227_20200822_02_T1/LE07_L2SP_040033_20200227_20200822_02_T1_SR_B1.TIF,s3://usgs-landsat/collection02/level-2/standard/etm/2020/040/033/LE07_L2SP_040033_20200227_20200822_02_T1/LE07_L2SP_040033_20200227_20200822_02_T1_SR_B2.TIF,s3://usgs-landsat/collection02/level-2/standard/etm/2020/040/033/LE07_L2SP_040033_20200227_20200822_02_T1/LE07_L2SP_040033_20200227_20200822_02_T1_SR_B3.TIF,s3://usgs-landsat/collection02/level-2/standard/etm/2020/040/033/LE07_L2SP_040033_20200227_20200822_02_T1/LE07_L2SP_040033_20200227_20200822_02_T1_SR_B4.TIF,s3://usgs-landsat/collection02/level-2/standard/etm/2020/040/033/LE07_L2SP_040033_20200227_20200822_02_T1/LE07_L2SP_040033_20200227_20200822_02_T1_ANG.txt,s3://usgs-landsat/collection02/level-2/standard/etm/2020/040/033/LE07_L2SP_040033_20200227_20200822_02_T1/LE07_L2SP_040033_20200227_20200822_02_T1_MTL.txt,s3://usgs-landsat/collection02/level-2/standard/etm/2020/040/033/LE07_L2SP_040033_20200227_20200822_02_T1/LE07_L2SP_040033_20200227_20200822_02_T1_MTL.xml,s3://usgs-landsat/collection02/level-2/standard/etm/2020/040/033/LE07_L2SP_040033_20200227_20200822_02_T1/LE07_L2SP_040033_20200227_20200822_02_T1_MTL.json,s3://usgs-landsat/collection02/level-2/standard/etm/2020/040/033/LE07_L2SP_040033_20200227_20200822_02_T1/LE07_L2SP_040033_20200227_20200822_02_T1_QA_PIXEL.TIF,s3://usgs-landsat/collection02/level-2/standard/etm/2020/040/033/LE07_L2SP_040033_20200227_20200822_02_T1/LE07_L2SP_040033_20200227_20200822_02_T1_QA_RADSAT.TIF
38,LC08_L2SP_040033_20200219_20200822_02_T1_SR,LC80400332020050LGN00,"['OLI', 'TIRS']",41.23,s3://usgs-landsat/collection02/level-2/standard/oli-tirs/2020/040/033/LC08_L2SP_040033_20200219_20200822_02_T1/LC08_L2SP_040033_20200219_20200822_02_T1_thumb_small.jpeg,s3://usgs-landsat/collection02/level-2/standard/oli-tirs/2020/040/033/LC08_L2SP_040033_20200219_20200822_02_T1/LC08_L2SP_040033_20200219_20200822_02_T1_thumb_large.jpeg,s3://usgs-landsat/collection02/level-2/standard/oli-tirs/2020/040/033/LC08_L2SP_040033_20200219_20200822_02_T1/LC08_L2SP_040033_20200219_20200822_02_T1_SR_B2.TIF,s3://usgs-landsat/collection02/level-2/standard/oli-tirs/2020/040/033/LC08_L2SP_040033_20200219_20200822_02_T1/LC08_L2SP_040033_20200219_20200822_02_T1_SR_B3.TIF,s3://usgs-landsat/collection02/level-2/standard/oli-tirs/2020/040/033/LC08_L2SP_040033_20200219_20200822_02_T1/LC08_L2SP_040033_20200219_20200822_02_T1_SR_B4.TIF,s3://usgs-landsat/collection02/level-2/standard/oli-tirs/2020/040/033/LC08_L2SP_040033_20200219_20200822_02_T1/LC08_L2SP_040033_20200219_20200822_02_T1_SR_B5.TIF,s3://usgs-landsat/collection02/level-2/standard/oli-tirs/2020/040/033/LC08_L2SP_040033_20200219_20200822_02_T1/LC08_L2SP_040033_20200219_20200822_02_T1_ANG.txt,s3://usgs-landsat/collection02/level-2/standard/oli-tirs/2020/040/033/LC08_L2SP_040033_20200219_20200822_02_T1/LC08_L2SP_040033_20200219_20200822_02_T1_MTL.txt,s3://usgs-landsat/collection02/level-2/standard/oli-tirs/2020/040/033/LC08_L2SP_040033_20200219_20200822_02_T1/LC08_L2SP_040033_20200219_20200822_02_T1_MTL.xml,s3://usgs-landsat/collection02/level-2/standard/oli-tirs/2020/040/033/LC08_L2SP_040033_20200219_20200822_02_T1/LC08_L2SP_040033_20200219_20200822_02_T1_MTL.json,s3://usgs-landsat/collection02/level-2/standard/oli-tirs/2020/040/033/LC08_L2SP_040033_20200219_20200822_02_T1/LC08_L2SP_040033_20200219_20200822_02_T1_QA_PIXEL.TIF,s3://usgs-landsat/collection02/level-2/standard/oli-tirs/2020/040/033/LC08_L2SP_040033_20200219_20200822_02_T1/LC08_L2SP_040033_20200219_20200822_02_T1_QA_RADSAT.TIF
39,LE07_L2SP_040033_20200211_20200822_02_T1_SR,LE70400332020042EDC00,['ETM'],1.0,s3://usgs-landsat/collection02/level-2/standard/etm/2020/040/033/LE07_L2SP_040033_20200211_20200822_02_T1/LE07_L2SP_040033_20200211_20200822_02_T1_thumb_small.jpeg,s3://usgs-landsat/collection02/level-2/standard/etm/2020/040/033/LE07_L2SP_040033_20200211_20200822_02_T1/LE07_L2SP_040033_20200211_20200822_02_T1_thumb_large.jpeg,s3://usgs-landsat/collection02/level-2/standard/etm/2020/040/033/LE07_L2SP_040033_20200211_20200822_02_T1/LE07_L2SP_040033_20200211_20200822_02_T1_SR_B1.TIF,s3://usgs-landsat/collection02/level-2/standard/etm/2020/040/033/LE07_L2SP_040033_20200211_20200822_02_T1/LE07_L2SP_040033_20200211_20200822_02_T1_SR_B2.TIF,s3://usgs-landsat/collection02/level-2/standard/etm/2020/040/033/LE07_L2SP_040033_20200211_20200822_02_T1/LE07_L2SP_040033_20200211_20200822_02_T1_SR_B3.TIF,s3://usgs-landsat/collection02/level-2/standard/etm/2020/040/033/LE07_L2SP_040033_20200211_20200822_02_T1/LE07_L2SP_040033_20200211_20200822_02_T1_SR_B4.TIF,s3://usgs-landsat/collection02/level-2/standard/etm/2020/040/033/LE07_L2SP_040033_20200211_20200822_02_T1/LE07_L2SP_040033_20200211_20200822_02_T1_ANG.txt,s3://usgs-landsat/collection02/level-2/standard/etm/2020/040/033/LE07_L2SP_040033_20200211_20200822_02_T1/LE07_L2SP_040033_20200211_20200822_02_T1_MTL.txt,s3://usgs-landsat/collection02/level-2/standard/etm/2020/040/033/LE07_L2SP_040033_20200211_20200822_02_T1/LE07_L2SP_040033_20200211_20200822_02_T1_MTL.xml,s3://usgs-landsat/collection02/level-2/standard/etm/2020/040/033/LE07_L2SP_040033_20200211_20200822_02_T1/LE07_L2SP_040033_20200211_20200822_02_T1_MTL.json,s3://usgs-landsat/collection02/level-2/standard/etm/2020/040/033/LE07_L2SP_040033_20200211_20200822_02_T1/LE07_L2SP_040033_20200211_20200822_02_T1_QA_PIXEL.TIF,s3://usgs-landsat/collection02/level-2/standard/etm/2020/040/033/LE07_L2SP_040033_20200211_20200822_02_T1/LE07_L2SP_040033_20200211_20200822_02_T1_QA_RADSAT.TIF
40,LC08_L2SP_040033_20200203_20200823_02_T1_SR,LC80400332020034LGN00,"['OLI', 'TIRS']",53.12,s3://usgs-landsat/collection02/level-2/standard/oli-tirs/2020/040/033/LC08_L2SP_040033_20200203_20200823_02_T1/LC08_L2SP_040033_20200203_20200823_02_T1_thumb_small.jpeg,s3://usgs-landsat/collection02/level-2/standard/oli-tirs/2020/040/033/LC08_L2SP_040033_20200203_20200823_02_T1/LC08_L2SP_040033_20200203_20200823_02_T1_thumb_large.jpeg,s3://usgs-landsat/collection02/level-2/standard/oli-tirs/2020/040/033/LC08_L2SP_040033_20200203_20200823_02_T1/LC08_L2SP_040033_20200203_20200823_02_T1_SR_B2.TIF,s3://usgs-landsat/collection02/level-2/standard/oli-tirs/2020/040/033/LC08_L2SP_040033_20200203_20200823_02_T1/LC08_L2SP_040033_20200203_20200823_02_T1_SR_B3.TIF,s3://usgs-landsat/collection02/level-2/standard/oli-tirs/2020/040/033/LC08_L2SP_040033_20200203_20200823_02_T1/LC08_L2SP_040033_20200203_20200823_02_T1_SR_B4.TIF,s3://usgs-landsat/collection02/level-2/standard/oli-tirs/2020/040/033/LC08_L2SP_040033_20200203_20200823_02_T1/LC08_L2SP_040033_20200203_20200823_02_T1_SR_B5.TIF,s3://usgs-landsat/collection02/level-2/standard/oli-tirs/2020/040/033/LC08_L2SP_040033_20200203_20200823_02_T1/LC08_L2SP_040033_20200203_20200823_02_T1_ANG.txt,s3://usgs-landsat/collection02/level-2/standard/oli-tirs/2020/040/033/LC08_L2SP_040033_20200203_20200823_02_T1/LC08_L2SP_040033_20200203_20200823_02_T1_MTL.txt,s3://usgs-landsat/collection02/level-2/standard/oli-tirs/2020/040/033/LC08_L2SP_040033_20200203_20200823_02_T1/LC08_L2SP_040033_20200203_20200823_02_T1_MTL.xml,s3://usgs-landsat/collection02/level-2/standard/oli-tirs/2020/040/033/LC08_L2SP_040033_20200203_20200823_02_T1/LC08_L2SP_040033_20200203_20200823_02_T1_MTL.json,s3://usgs-landsat/collection02/level-2/standard/oli-tirs/2020/040/033/LC08_L2SP_040033_20200203_20200823_02_T1/LC08_L2SP_040033_20200203_20200823_02_T1_QA_PIXEL.TIF,s3://usgs-landsat/collection02/level-2/standard/oli-tirs/2020/040/033/LC08_L2SP_040033_20200203_20200823_02_T1/LC08_L2SP_040033_20200203_20200823_02_T1_QA_RADSAT.TIF
41,LE07_L2SP_040033_20200126_20200822_02_T1_SR,LE70400332020026EDC00,['ETM'],54.0,s3://usgs-landsat/collection02/level-2/standard/etm/2020/040/033/LE07_L2SP_040033_20200126_20200822_02_T1/LE07_L2SP_040033_20200126_20200822_02_T1_thumb_small.jpeg,s3://usgs-landsat/collection02/level-2/standard/etm/2020/040/033/LE07_L2SP_040033_20200126_20200822_02_T1/LE07_L2SP_040033_20200126_20200822_02_T1_thumb_large.jpeg,s3://usgs-landsat/collection02/level-2/standard/etm/2020/040/033/LE07_L2SP_040033_20200126_20200822_02_T1/LE07_L2SP_040033_20200126_20200822_02_T1_SR_B1.TIF,s3://usgs-landsat/collection02/level-2/standard/etm/2020/040/033/LE07_L2SP_040033_20200126_20200822_02_T1/LE07_L2SP_040033_20200126_20200822_02_T1_SR_B2.TIF,s3://usgs-landsat/collection02/level-2/standard/etm/2020/040/033/LE07_L2SP_040033_20200126_20200822_02_T1/LE07_L2SP_040033_20200126_20200822_02_T1_SR_B3.TIF,s3://usgs-landsat/collection02/level-2/standard/etm/2020/040/033/LE07_L2SP_040033_20200126_20200822_02_T1/LE07_L2SP_040033_20200126_20200822_02_T1_SR_B4.TIF,s3://usgs-landsat/collection02/level-2/standard/etm/2020/040/033/LE07_L2SP_040033_20200126_20200822_02_T1/LE07_L2SP_040033_20200126_20200822_02_T1_ANG.txt,s3://usgs-landsat/collection02/level-2/standard/etm/2020/040/033/LE07_L2SP_040033_20200126_20200822_02_T1/LE07_L2SP_040033_20200126_20200822_02_T1_MTL.txt,s3://usgs-landsat/collection02/level-2/standard/etm/2020/040/033/LE07_L2SP_040033_20200126_20200822_02_T1/LE07_L2SP_040033_20200126_20200822_02_T1_MTL.xml,s3://usgs-landsat/collection02/level-2/standard/etm/2020/040/033/LE07_L2SP_040033_20200126_20200822_02_T1/LE07_L2SP_040033_20200126_20200822_02_T1_MTL.json,s3://usgs-landsat/collection02/level-2/standard/etm/2020/040/033/LE07_L2SP_040033_20200126_20200822_02_T1/LE07_L2SP_040033_20200126_20200822_02_T1_QA_PIXEL.TIF,s3://usgs-landsat/collection02/level-2/standard/etm/2020/040/033/LE07_L2SP_040033_20200126_20200822_02_T1/LE07_L2SP_040033_20200126_20200822_02_T1_QA_RADSAT.TIF
42,LC08_L2SP_040033_20200118_20200823_02_T1_SR,LC80400332020018LGN00,"['OLI', 'TIRS']",52.46,s3://usgs-landsat/collection02/level-2/standard/oli-tirs/2020/040/033/LC08_L2SP_040033_20200118_20200823_02_T1/LC08_L2SP_040033_20200118_20200823_02_T1_thumb_small.jpeg,s3://usgs-landsat/collection02/level-2/standard/oli-tirs/2020/040/033/LC08_L2SP_040033_20200118_20200823_02_T1/LC08_L2SP_040033_20200118_20200823_02_T1_thumb_large.jpeg,s3://usgs-landsat/collection02/level-2/standard/oli-tirs/2020/040/033/LC08_L2SP_040033_20200118_20200823_02_T1/LC08_L2SP_040033_20200118_20200823_02_T1_SR_B2.TIF,s3://usgs-landsat/collection02/level-2/standard/oli-tirs/2020/040/033/LC08_L2SP_040033_20200118_20200823_02_T1/LC08_L2SP_040033_20200118_20200823_02_T1_SR_B3.TIF,s3://usgs-landsat/collection02/level-2/standard/oli-tirs/2020/040/033/LC08_L2SP_040033_20200118_20200823_02_T1/LC08_L2SP_040033_20200118_20200823_02_T1_SR_B4.TIF,s3://usgs-landsat/collection02/level-2/standard/oli-tirs/2020/040/033/LC08_L2SP_040033_20200118_20200823_02_T1/LC08_L2SP_040033_20200118_20200823_02_T1_SR_B5.TIF,s3://usgs-landsat/collection02/level-2/standard/oli-tirs/2020/040/033/LC08_L2SP_040033_20200118_20200823_02_T1/LC08_L2SP_040033_20200118_20200823_02_T1_ANG.txt,s3://usgs-landsat/collection02/level-2/standard/oli-tirs/2020/040/033/LC08_L2SP_040033_20200118_20200823_02_T1/LC08_L2SP_040033_20200118_20200823_02_T1_MTL.txt,s3://usgs-landsat/collection02/level-2/standard/oli-tirs/2020/040/033/LC08_L2SP_040033_20200118_20200823_02_T1/LC08_L2SP_040033_20200118_20200823_02_T1_MTL.xml,s3://usgs-landsat/collection02/level-2/standard/oli-tirs/2020/040/033/LC08_L2SP_040033_20200118_20200823_02_T1/LC08_L2SP_040033_20200118_20200823_02_T1_MTL.json,s3://usgs-landsat/collection02/level-2/standard/oli-tirs/2020/040/033/LC08_L2SP_040033_20200118_20200823_02_T1/LC08_L2SP_040033_20200118_20200823_02_T1_QA_PIXEL.TIF,s3://usgs-landsat/collection02/level-2/standard/oli-tirs/2020/040/033/LC08_L2SP_040033_20200118_20200823_02_T1/LC08_L2SP_040033_20200118_20200823_02_T1_QA_RADSAT.TIF
43,LE07_L2SP_040033_20200110_20200822_02_T1_SR,LE70400332020010EDC00,['ETM'],0.0,s3://usgs-landsat/collection02/level-2/standard/etm/2020/040/033/LE07_L2SP_040033_20200110_20200822_02_T1/LE07_L2SP_040033_20200110_20200822_02_T1_thumb_small.jpeg,s3://usgs-landsat/collection02/level-2/standard/etm/2020/040/033/LE07_L2SP_040033_20200110_20200822_02_T1/LE07_L2SP_040033_20200110_20200822_02_T1_thumb_large.jpeg,s3://usgs-landsat/collection02/level-2/standard/etm/2020/040/033/LE07_L2SP_040033_20200110_20200822_02_T1/LE07_L2SP_040033_20200110_20200822_02_T1_SR_B1.TIF,s3://usgs-landsat/collection02/level-2/standard/etm/2020/040/033/LE07_L2SP_040033_20200110_20200822_02_T1/LE07_L2SP_040033_20200110_20200822_02_T1_SR_B2.TIF,s3://usgs-landsat/collection02/level-2/standard/etm/2020/040/033/LE07_L2SP_040033_20200110_20200822_02_T1/LE07_L2SP_040033_20200110_20200822_02_T1_SR_B3.TIF,s3://usgs-landsat/collection02/level-2/standard/etm/2020/040/033/LE07_L2SP_040033_20200110_20200822_02_T1/LE07_L2SP_040033_20200110_20200822_02_T1_SR_B4.TIF,s3://usgs-landsat/collection02/level-2/standard/etm/2020/040/033/LE07_L2SP_040033_20200110_20200822_02_T1/LE07_L2SP_040033_20200110_20200822_02_T1_ANG.txt,s3://usgs-landsat/collection02/level-2/standard/etm/2020/040/033/LE07_L2SP_040033_20200110_20200822_02_T1/LE07_L2SP_040033_20200110_20200822_02_T1_MTL.txt,s3://usgs-landsat/collection02/level-2/standard/etm/2020/040/033/LE07_L2SP_040033_20200110_20200822_02_T1/LE07_L2SP_040033_20200110_20200822_02_T1_MTL.xml,s3://usgs-landsat/collection02/level-2/standard/etm/2020/040/033/LE07_L2SP_040033_20200110_20200822_02_T1/LE07_L2SP_040033_20200110_20200822_02_T1_MTL.json,s3://usgs-landsat/collection02/level-2/standard/etm/2020/040/033/LE07_L2SP_040033_20200110_20200822_02_T1/LE07_L2SP_040033_20200110_20200822_02_T1_QA_PIXEL.TIF,s3://usgs-landsat/collection02/level-2/standard/etm/2020/040/033/LE07_L2SP_040033_20200110_20200822_02_T1/LE07_L2SP_040033_20200110_20200822_02_T1_QA_RADSAT.TIF
44,LC08_L2SP_040033_20200102_20200823_02_T1_SR,LC80400332020002LGN00,"['OLI', 'TIRS']",4.69,s3://usgs-landsat/collection02/level-2/standard/oli-tirs/2020/040/033/LC08_L2SP_040033_20200102_20200823_02_T1/LC08_L2SP_040033_20200102_20200823_02_T1_thumb_small.jpeg,s3://usgs-landsat/collection02/level-2/standard/oli-tirs/2020/040/033/LC08_L2SP_040033_20200102_20200823_02_T1/LC08_L2SP_040033_20200102_20200823_02_T1_thumb_large.jpeg,s3://usgs-landsat/collection02/level-2/standard/oli-tirs/2020/040/033/LC08_L2SP_040033_20200102_20200823_02_T1/LC08_L2SP_040033_20200102_20200823_02_T1_SR_B2.TIF,s3://usgs-landsat/collection02/level-2/standard/oli-tirs/2020/040/033/LC08_L2SP_040033_20200102_20200823_02_T1/LC08_L2SP_040033_20200102_20200823_02_T1_SR_B3.TIF,s3://usgs-landsat/collection02/level-2/standard/oli-tirs/2020/040/033/LC08_L2SP_040033_20200102_20200823_02_T1/LC08_L2SP_040033_20200102_20200823_02_T1_SR_B4.TIF,s3://usgs-landsat/collection02/level-2/standard/oli-tirs/2020/040/033/LC08_L2SP_040033_20200102_20200823_02_T1/LC08_L2SP_040033_20200102_20200823_02_T1_SR_B5.TIF,s3://usgs-landsat/collection02/level-2/standard/oli-tirs/2020/040/033/LC08_L2SP_040033_20200102_20200823_02_T1/LC08_L2SP_040033_20200102_20200823_02_T1_ANG.txt,s3://usgs-landsat/collection02/level-2/standard/oli-tirs/2020/040/033/LC08_L2SP_040033_20200102_20200823_02_T1/LC08_L2SP_040033_20200102_20200823_02_T1_MTL.txt,s3://usgs-landsat/collection02/level-2/standard/oli-tirs/2020/040/033/LC08_L2SP_040033_20200102_20200823_02_T1/LC08_L2SP_040033_20200102_20200823_02_T1_MTL.xml,s3://usgs-landsat/collection02/level-2/standard/oli-tirs/2020/040/033/LC08_L2SP_040033_20200102_20200823_02_T1/LC08_L2SP_040033_20200102_20200823_02_T1_MTL.json,s3://usgs-landsat/collection02/level-2/standard/oli-tirs/2020/040/033/LC08_L2SP_040033_20200102_20200823_02_T1/LC08_L2SP_040033_20200102_20200823_02_T1_QA_PIXEL.TIF,s3://usgs-landsat/collection02/level-2/standard/oli-tirs/2020/040/033/LC08_L2SP_040033_20200102_20200823_02_T1/LC08_L2SP_040033_20200102_20200823_02_T1_QA_RADSAT.TIF
