,0,1,2,3
0,S2A_23KNR_20201229_0_L2A,https://sentinel-cogs.s3.us-west-2.amazonaws.com/sentinel-s2-l2a-cogs/23/K/NR/2020/12/S2A_23KNR_20201229_0_L2A/B04.tif,https://sentinel-cogs.s3.us-west-2.amazonaws.com/sentinel-s2-l2a-cogs/23/K/NR/2020/12/S2A_23KNR_20201229_0_L2A/B03.tif,https://sentinel-cogs.s3.us-west-2.amazonaws.com/sentinel-s2-l2a-cogs/23/K/NR/2020/12/S2A_23KNR_20201229_0_L2A/B02.tif
1,S2A_23KPR_20201229_0_L2A,https://sentinel-cogs.s3.us-west-2.amazonaws.com/sentinel-s2-l2a-cogs/23/K/NR/2020/12/S2A_23KNR_20201229_0_L2A/B04.tif,https://sentinel-cogs.s3.us-west-2.amazonaws.com/sentinel-s2-l2a-cogs/23/K/NR/2020/12/S2A_23KNR_20201229_0_L2A/B03.tif,https://sentinel-cogs.s3.us-west-2.amazonaws.com/sentinel-s2-l2a-cogs/23/K/NR/2020/12/S2A_23KNR_20201229_0_L2A/B02.tif
2,S2B_23KNR_20201224_0_L2A,https://sentinel-cogs.s3.us-west-2.amazonaws.com/sentinel-s2-l2a-cogs/23/K/NR/2020/12/S2A_23KNR_20201229_0_L2A/B04.tif,https://sentinel-cogs.s3.us-west-2.amazonaws.com/sentinel-s2-l2a-cogs/23/K/NR/2020/12/S2A_23KNR_20201229_0_L2A/B03.tif,https://sentinel-cogs.s3.us-west-2.amazonaws.com/sentinel-s2-l2a-cogs/23/K/NR/2020/12/S2A_23KNR_20201229_0_L2A/B02.tif
3,S2B_23KPR_20201224_0_L2A,https://sentinel-cogs.s3.us-west-2.amazonaws.com/sentinel-s2-l2a-cogs/23/K/NR/2020/12/S2A_23KNR_20201229_0_L2A/B04.tif,https://sentinel-cogs.s3.us-west-2.amazonaws.com/sentinel-s2-l2a-cogs/23/K/NR/2020/12/S2A_23KNR_20201229_0_L2A/B03.tif,https://sentinel-cogs.s3.us-west-2.amazonaws.com/sentinel-s2-l2a-cogs/23/K/NR/2020/12/S2A_23KNR_20201229_0_L2A/B02.tif
4,S2A_23KNR_20201219_0_L2A,https://sentinel-cogs.s3.us-west-2.amazonaws.com/sentinel-s2-l2a-cogs/23/K/NR/2020/12/S2A_23KNR_20201229_0_L2A/B04.tif,https://sentinel-cogs.s3.us-west-2.amazonaws.com/sentinel-s2-l2a-cogs/23/K/NR/2020/12/S2A_23KNR_20201229_0_L2A/B03.tif,https://sentinel-cogs.s3.us-west-2.amazonaws.com/sentinel-s2-l2a-cogs/23/K/NR/2020/12/S2A_23KNR_20201229_0_L2A/B02.tif
5,S2A_23KPR_20201219_0_L2A,https://sentinel-cogs.s3.us-west-2.amazonaws.com/sentinel-s2-l2a-cogs/23/K/NR/2020/12/S2A_23KNR_20201229_0_L2A/B04.tif,https://sentinel-cogs.s3.us-west-2.amazonaws.com/sentinel-s2-l2a-cogs/23/K/NR/2020/12/S2A_23KNR_20201229_0_L2A/B03.tif,https://sentinel-cogs.s3.us-west-2.amazonaws.com/sentinel-s2-l2a-cogs/23/K/NR/2020/12/S2A_23KNR_20201229_0_L2A/B02.tif
6,S2B_23KNR_20201214_0_L2A,https://sentinel-cogs.s3.us-west-2.amazonaws.com/sentinel-s2-l2a-cogs/23/K/NR/2020/12/S2A_23KNR_20201229_0_L2A/B04.tif,https://sentinel-cogs.s3.us-west-2.amazonaws.com/sentinel-s2-l2a-cogs/23/K/NR/2020/12/S2A_23KNR_20201229_0_L2A/B03.tif,https://sentinel-cogs.s3.us-west-2.amazonaws.com/sentinel-s2-l2a-cogs/23/K/NR/2020/12/S2A_23KNR_20201229_0_L2A/B02.tif
7,S2B_23KPR_20201214_0_L2A,https://sentinel-cogs.s3.us-west-2.amazonaws.com/sentinel-s2-l2a-cogs/23/K/NR/2020/12/S2A_23KNR_20201229_0_L2A/B04.tif,https://sentinel-cogs.s3.us-west-2.amazonaws.com/sentinel-s2-l2a-cogs/23/K/NR/2020/12/S2A_23KNR_20201229_0_L2A/B03.tif,https://sentinel-cogs.s3.us-west-2.amazonaws.com/sentinel-s2-l2a-cogs/23/K/NR/2020/12/S2A_23KNR_20201229_0_L2A/B02.tif
8,S2A_23KNR_20201209_0_L2A,https://sentinel-cogs.s3.us-west-2.amazonaws.com/sentinel-s2-l2a-cogs/23/K/NR/2020/12/S2A_23KNR_20201229_0_L2A/B04.tif,https://sentinel-cogs.s3.us-west-2.amazonaws.com/sentinel-s2-l2a-cogs/23/K/NR/2020/12/S2A_23KNR_20201229_0_L2A/B03.tif,https://sentinel-cogs.s3.us-west-2.amazonaws.com/sentinel-s2-l2a-cogs/23/K/NR/2020/12/S2A_23KNR_20201229_0_L2A/B02.tif
9,S2A_23KPR_20201209_0_L2A,https://sentinel-cogs.s3.us-west-2.amazonaws.com/sentinel-s2-l2a-cogs/23/K/NR/2020/12/S2A_23KNR_20201229_0_L2A/B04.tif,https://sentinel-cogs.s3.us-west-2.amazonaws.com/sentinel-s2-l2a-cogs/23/K/NR/2020/12/S2A_23KNR_20201229_0_L2A/B03.tif,https://sentinel-cogs.s3.us-west-2.amazonaws.com/sentinel-s2-l2a-cogs/23/K/NR/2020/12/S2A_23KNR_20201229_0_L2A/B02.tif
10,S2B_23KNR_20201204_0_L2A,https://sentinel-cogs.s3.us-west-2.amazonaws.com/sentinel-s2-l2a-cogs/23/K/NR/2020/12/S2A_23KNR_20201229_0_L2A/B04.tif,https://sentinel-cogs.s3.us-west-2.amazonaws.com/sentinel-s2-l2a-cogs/23/K/NR/2020/12/S2A_23KNR_20201229_0_L2A/B03.tif,https://sentinel-cogs.s3.us-west-2.amazonaws.com/sentinel-s2-l2a-cogs/23/K/NR/2020/12/S2A_23KNR_20201229_0_L2A/B02.tif
11,S2B_23KPR_20201204_0_L2A,https://sentinel-cogs.s3.us-west-2.amazonaws.com/sentinel-s2-l2a-cogs/23/K/NR/2020/12/S2A_23KNR_20201229_0_L2A/B04.tif,https://sentinel-cogs.s3.us-west-2.amazonaws.com/sentinel-s2-l2a-cogs/23/K/NR/2020/12/S2A_23KNR_20201229_0_L2A/B03.tif,https://sentinel-cogs.s3.us-west-2.amazonaws.com/sentinel-s2-l2a-cogs/23/K/NR/2020/12/S2A_23KNR_20201229_0_L2A/B02.tif
12,S2A_23KNR_20201129_0_L2A,https://sentinel-cogs.s3.us-west-2.amazonaws.com/sentinel-s2-l2a-cogs/23/K/NR/2020/12/S2A_23KNR_20201229_0_L2A/B04.tif,https://sentinel-cogs.s3.us-west-2.amazonaws.com/sentinel-s2-l2a-cogs/23/K/NR/2020/12/S2A_23KNR_20201229_0_L2A/B03.tif,https://sentinel-cogs.s3.us-west-2.amazonaws.com/sentinel-s2-l2a-cogs/23/K/NR/2020/12/S2A_23KNR_20201229_0_L2A/B02.tif
13,S2A_23KPR_20201129_0_L2A,https://sentinel-cogs.s3.us-west-2.amazonaws.com/sentinel-s2-l2a-cogs/23/K/NR/2020/12/S2A_23KNR_20201229_0_L2A/B04.tif,https://sentinel-cogs.s3.us-west-2.amazonaws.com/sentinel-s2-l2a-cogs/23/K/NR/2020/12/S2A_23KNR_20201229_0_L2A/B03.tif,https://sentinel-cogs.s3.us-west-2.amazonaws.com/sentinel-s2-l2a-cogs/23/K/NR/2020/12/S2A_23KNR_20201229_0_L2A/B02.tif
14,S2B_23KNR_20201124_0_L2A,https://sentinel-cogs.s3.us-west-2.amazonaws.com/sentinel-s2-l2a-cogs/23/K/NR/2020/12/S2A_23KNR_20201229_0_L2A/B04.tif,https://sentinel-cogs.s3.us-west-2.amazonaws.com/sentinel-s2-l2a-cogs/23/K/NR/2020/12/S2A_23KNR_20201229_0_L2A/B03.tif,https://sentinel-cogs.s3.us-west-2.amazonaws.com/sentinel-s2-l2a-cogs/23/K/NR/2020/12/S2A_23KNR_20201229_0_L2A/B02.tif
15,S2B_23KPR_20201124_0_L2A,https://sentinel-cogs.s3.us-west-2.amazonaws.com/sentinel-s2-l2a-cogs/23/K/NR/2020/12/S2A_23KNR_20201229_0_L2A/B04.tif,https://sentinel-cogs.s3.us-west-2.amazonaws.com/sentinel-s2-l2a-cogs/23/K/NR/2020/12/S2A_23KNR_20201229_0_L2A/B03.tif,https://sentinel-cogs.s3.us-west-2.amazonaws.com/sentinel-s2-l2a-cogs/23/K/NR/2020/12/S2A_23KNR_20201229_0_L2A/B02.tif
16,S2A_23KNR_20201119_0_L2A,https://sentinel-cogs.s3.us-west-2.amazonaws.com/sentinel-s2-l2a-cogs/23/K/NR/2020/12/S2A_23KNR_20201229_0_L2A/B04.tif,https://sentinel-cogs.s3.us-west-2.amazonaws.com/sentinel-s2-l2a-cogs/23/K/NR/2020/12/S2A_23KNR_20201229_0_L2A/B03.tif,https://sentinel-cogs.s3.us-west-2.amazonaws.com/sentinel-s2-l2a-cogs/23/K/NR/2020/12/S2A_23KNR_20201229_0_L2A/B02.tif
17,S2A_23KPR_20201119_0_L2A,https://sentinel-cogs.s3.us-west-2.amazonaws.com/sentinel-s2-l2a-cogs/23/K/NR/2020/12/S2A_23KNR_20201229_0_L2A/B04.tif,https://sentinel-cogs.s3.us-west-2.amazonaws.com/sentinel-s2-l2a-cogs/23/K/NR/2020/12/S2A_23KNR_20201229_0_L2A/B03.tif,https://sentinel-cogs.s3.us-west-2.amazonaws.com/sentinel-s2-l2a-cogs/23/K/NR/2020/12/S2A_23KNR_20201229_0_L2A/B02.tif
18,S2B_23KNR_20201114_0_L2A,https://sentinel-cogs.s3.us-west-2.amazonaws.com/sentinel-s2-l2a-cogs/23/K/NR/2020/12/S2A_23KNR_20201229_0_L2A/B04.tif,https://sentinel-cogs.s3.us-west-2.amazonaws.com/sentinel-s2-l2a-cogs/23/K/NR/2020/12/S2A_23KNR_20201229_0_L2A/B03.tif,https://sentinel-cogs.s3.us-west-2.amazonaws.com/sentinel-s2-l2a-cogs/23/K/NR/2020/12/S2A_23KNR_20201229_0_L2A/B02.tif
19,S2B_23KPR_20201114_0_L2A,https://sentinel-cogs.s3.us-west-2.amazonaws.com/sentinel-s2-l2a-cogs/23/K/NR/2020/12/S2A_23KNR_20201229_0_L2A/B04.tif,https://sentinel-cogs.s3.us-west-2.amazonaws.com/sentinel-s2-l2a-cogs/23/K/NR/2020/12/S2A_23KNR_20201229_0_L2A/B03.tif,https://sentinel-cogs.s3.us-west-2.amazonaws.com/sentinel-s2-l2a-cogs/23/K/NR/2020/12/S2A_23KNR_20201229_0_L2A/B02.tif
20,S2A_23KNR_20201109_0_L2A,https://sentinel-cogs.s3.us-west-2.amazonaws.com/sentinel-s2-l2a-cogs/23/K/NR/2020/12/S2A_23KNR_20201229_0_L2A/B04.tif,https://sentinel-cogs.s3.us-west-2.amazonaws.com/sentinel-s2-l2a-cogs/23/K/NR/2020/12/S2A_23KNR_20201229_0_L2A/B03.tif,https://sentinel-cogs.s3.us-west-2.amazonaws.com/sentinel-s2-l2a-cogs/23/K/NR/2020/12/S2A_23KNR_20201229_0_L2A/B02.tif
21,S2A_23KPR_20201109_0_L2A,https://sentinel-cogs.s3.us-west-2.amazonaws.com/sentinel-s2-l2a-cogs/23/K/NR/2020/12/S2A_23KNR_20201229_0_L2A/B04.tif,https://sentinel-cogs.s3.us-west-2.amazonaws.com/sentinel-s2-l2a-cogs/23/K/NR/2020/12/S2A_23KNR_20201229_0_L2A/B03.tif,https://sentinel-cogs.s3.us-west-2.amazonaws.com/sentinel-s2-l2a-cogs/23/K/NR/2020/12/S2A_23KNR_20201229_0_L2A/B02.tif
22,S2B_23KNR_20201104_0_L2A,https://sentinel-cogs.s3.us-west-2.amazonaws.com/sentinel-s2-l2a-cogs/23/K/NR/2020/12/S2A_23KNR_20201229_0_L2A/B04.tif,https://sentinel-cogs.s3.us-west-2.amazonaws.com/sentinel-s2-l2a-cogs/23/K/NR/2020/12/S2A_23KNR_20201229_0_L2A/B03.tif,https://sentinel-cogs.s3.us-west-2.amazonaws.com/sentinel-s2-l2a-cogs/23/K/NR/2020/12/S2A_23KNR_20201229_0_L2A/B02.tif
23,S2B_23KPR_20201104_0_L2A,https://sentinel-cogs.s3.us-west-2.amazonaws.com/sentinel-s2-l2a-cogs/23/K/NR/2020/12/S2A_23KNR_20201229_0_L2A/B04.tif,https://sentinel-cogs.s3.us-west-2.amazonaws.com/sentinel-s2-l2a-cogs/23/K/NR/2020/12/S2A_23KNR_20201229_0_L2A/B03.tif,https://sentinel-cogs.s3.us-west-2.amazonaws.com/sentinel-s2-l2a-cogs/23/K/NR/2020/12/S2A_23KNR_20201229_0_L2A/B02.tif
24,S2A_23KNR_20201030_0_L2A,https://sentinel-cogs.s3.us-west-2.amazonaws.com/sentinel-s2-l2a-cogs/23/K/NR/2020/12/S2A_23KNR_20201229_0_L2A/B04.tif,https://sentinel-cogs.s3.us-west-2.amazonaws.com/sentinel-s2-l2a-cogs/23/K/NR/2020/12/S2A_23KNR_20201229_0_L2A/B03.tif,https://sentinel-cogs.s3.us-west-2.amazonaws.com/sentinel-s2-l2a-cogs/23/K/NR/2020/12/S2A_23KNR_20201229_0_L2A/B02.tif
25,S2A_23KPR_20201030_0_L2A,https://sentinel-cogs.s3.us-west-2.amazonaws.com/sentinel-s2-l2a-cogs/23/K/NR/2020/12/S2A_23KNR_20201229_0_L2A/B04.tif,https://sentinel-cogs.s3.us-west-2.amazonaws.com/sentinel-s2-l2a-cogs/23/K/NR/2020/12/S2A_23KNR_20201229_0_L2A/B03.tif,https://sentinel-cogs.s3.us-west-2.amazonaws.com/sentinel-s2-l2a-cogs/23/K/NR/2020/12/S2A_23KNR_20201229_0_L2A/B02.tif
26,S2B_23KNR_20201025_0_L2A,https://sentinel-cogs.s3.us-west-2.amazonaws.com/sentinel-s2-l2a-cogs/23/K/NR/2020/12/S2A_23KNR_20201229_0_L2A/B04.tif,https://sentinel-cogs.s3.us-west-2.amazonaws.com/sentinel-s2-l2a-cogs/23/K/NR/2020/12/S2A_23KNR_20201229_0_L2A/B03.tif,https://sentinel-cogs.s3.us-west-2.amazonaws.com/sentinel-s2-l2a-cogs/23/K/NR/2020/12/S2A_23KNR_20201229_0_L2A/B02.tif
27,S2B_23KPR_20201025_0_L2A,https://sentinel-cogs.s3.us-west-2.amazonaws.com/sentinel-s2-l2a-cogs/23/K/NR/2020/12/S2A_23KNR_20201229_0_L2A/B04.tif,https://sentinel-cogs.s3.us-west-2.amazonaws.com/sentinel-s2-l2a-cogs/23/K/NR/2020/12/S2A_23KNR_20201229_0_L2A/B03.tif,https://sentinel-cogs.s3.us-west-2.amazonaws.com/sentinel-s2-l2a-cogs/23/K/NR/2020/12/S2A_23KNR_20201229_0_L2A/B02.tif
28,S2A_23KNR_20201020_0_L2A,https://sentinel-cogs.s3.us-west-2.amazonaws.com/sentinel-s2-l2a-cogs/23/K/NR/2020/12/S2A_23KNR_20201229_0_L2A/B04.tif,https://sentinel-cogs.s3.us-west-2.amazonaws.com/sentinel-s2-l2a-cogs/23/K/NR/2020/12/S2A_23KNR_20201229_0_L2A/B03.tif,https://sentinel-cogs.s3.us-west-2.amazonaws.com/sentinel-s2-l2a-cogs/23/K/NR/2020/12/S2A_23KNR_20201229_0_L2A/B02.tif
29,S2A_23KPR_20201020_0_L2A,https://sentinel-cogs.s3.us-west-2.amazonaws.com/sentinel-s2-l2a-cogs/23/K/NR/2020/12/S2A_23KNR_20201229_0_L2A/B04.tif,https://sentinel-cogs.s3.us-west-2.amazonaws.com/sentinel-s2-l2a-cogs/23/K/NR/2020/12/S2A_23KNR_20201229_0_L2A/B03.tif,https://sentinel-cogs.s3.us-west-2.amazonaws.com/sentinel-s2-l2a-cogs/23/K/NR/2020/12/S2A_23KNR_20201229_0_L2A/B02.tif
30,S2B_23KNR_20201015_0_L2A,https://sentinel-cogs.s3.us-west-2.amazonaws.com/sentinel-s2-l2a-cogs/23/K/NR/2020/12/S2A_23KNR_20201229_0_L2A/B04.tif,https://sentinel-cogs.s3.us-west-2.amazonaws.com/sentinel-s2-l2a-cogs/23/K/NR/2020/12/S2A_23KNR_20201229_0_L2A/B03.tif,https://sentinel-cogs.s3.us-west-2.amazonaws.com/sentinel-s2-l2a-cogs/23/K/NR/2020/12/S2A_23KNR_20201229_0_L2A/B02.tif
31,S2B_23KPR_20201015_0_L2A,https://sentinel-cogs.s3.us-west-2.amazonaws.com/sentinel-s2-l2a-cogs/23/K/NR/2020/12/S2A_23KNR_20201229_0_L2A/B04.tif,https://sentinel-cogs.s3.us-west-2.amazonaws.com/sentinel-s2-l2a-cogs/23/K/NR/2020/12/S2A_23KNR_20201229_0_L2A/B03.tif,https://sentinel-cogs.s3.us-west-2.amazonaws.com/sentinel-s2-l2a-cogs/23/K/NR/2020/12/S2A_23KNR_20201229_0_L2A/B02.tif
32,S2A_23KNR_20201010_0_L2A,https://sentinel-cogs.s3.us-west-2.amazonaws.com/sentinel-s2-l2a-cogs/23/K/NR/2020/12/S2A_23KNR_20201229_0_L2A/B04.tif,https://sentinel-cogs.s3.us-west-2.amazonaws.com/sentinel-s2-l2a-cogs/23/K/NR/2020/12/S2A_23KNR_20201229_0_L2A/B03.tif,https://sentinel-cogs.s3.us-west-2.amazonaws.com/sentinel-s2-l2a-cogs/23/K/NR/2020/12/S2A_23KNR_20201229_0_L2A/B02.tif
33,S2A_23KPR_20201010_0_L2A,https://sentinel-cogs.s3.us-west-2.amazonaws.com/sentinel-s2-l2a-cogs/23/K/NR/2020/12/S2A_23KNR_20201229_0_L2A/B04.tif,https://sentinel-cogs.s3.us-west-2.amazonaws.com/sentinel-s2-l2a-cogs/23/K/NR/2020/12/S2A_23KNR_20201229_0_L2A/B03.tif,https://sentinel-cogs.s3.us-west-2.amazonaws.com/sentinel-s2-l2a-cogs/23/K/NR/2020/12/S2A_23KNR_20201229_0_L2A/B02.tif
34,S2B_23KNR_20201005_0_L2A,https://sentinel-cogs.s3.us-west-2.amazonaws.com/sentinel-s2-l2a-cogs/23/K/NR/2020/12/S2A_23KNR_20201229_0_L2A/B04.tif,https://sentinel-cogs.s3.us-west-2.amazonaws.com/sentinel-s2-l2a-cogs/23/K/NR/2020/12/S2A_23KNR_20201229_0_L2A/B03.tif,https://sentinel-cogs.s3.us-west-2.amazonaws.com/sentinel-s2-l2a-cogs/23/K/NR/2020/12/S2A_23KNR_20201229_0_L2A/B02.tif
35,S2B_23KPR_20201005_0_L2A,https://sentinel-cogs.s3.us-west-2.amazonaws.com/sentinel-s2-l2a-cogs/23/K/NR/2020/12/S2A_23KNR_20201229_0_L2A/B04.tif,https://sentinel-cogs.s3.us-west-2.amazonaws.com/sentinel-s2-l2a-cogs/23/K/NR/2020/12/S2A_23KNR_20201229_0_L2A/B03.tif,https://sentinel-cogs.s3.us-west-2.amazonaws.com/sentinel-s2-l2a-cogs/23/K/NR/2020/12/S2A_23KNR_20201229_0_L2A/B02.tif
36,S2A_23KNR_20200930_0_L2A,https://sentinel-cogs.s3.us-west-2.amazonaws.com/sentinel-s2-l2a-cogs/23/K/NR/2020/12/S2A_23KNR_20201229_0_L2A/B04.tif,https://sentinel-cogs.s3.us-west-2.amazonaws.com/sentinel-s2-l2a-cogs/23/K/NR/2020/12/S2A_23KNR_20201229_0_L2A/B03.tif,https://sentinel-cogs.s3.us-west-2.amazonaws.com/sentinel-s2-l2a-cogs/23/K/NR/2020/12/S2A_23KNR_20201229_0_L2A/B02.tif
37,S2A_23KPR_20200930_0_L2A,https://sentinel-cogs.s3.us-west-2.amazonaws.com/sentinel-s2-l2a-cogs/23/K/NR/2020/12/S2A_23KNR_20201229_0_L2A/B04.tif,https://sentinel-cogs.s3.us-west-2.amazonaws.com/sentinel-s2-l2a-cogs/23/K/NR/2020/12/S2A_23KNR_20201229_0_L2A/B03.tif,https://sentinel-cogs.s3.us-west-2.amazonaws.com/sentinel-s2-l2a-cogs/23/K/NR/2020/12/S2A_23KNR_20201229_0_L2A/B02.tif
38,S2B_23KNR_20200925_0_L2A,https://sentinel-cogs.s3.us-west-2.amazonaws.com/sentinel-s2-l2a-cogs/23/K/NR/2020/12/S2A_23KNR_20201229_0_L2A/B04.tif,https://sentinel-cogs.s3.us-west-2.amazonaws.com/sentinel-s2-l2a-cogs/23/K/NR/2020/12/S2A_23KNR_20201229_0_L2A/B03.tif,https://sentinel-cogs.s3.us-west-2.amazonaws.com/sentinel-s2-l2a-cogs/23/K/NR/2020/12/S2A_23KNR_20201229_0_L2A/B02.tif
39,S2B_23KPR_20200925_0_L2A,https://sentinel-cogs.s3.us-west-2.amazonaws.com/sentinel-s2-l2a-cogs/23/K/NR/2020/12/S2A_23KNR_20201229_0_L2A/B04.tif,https://sentinel-cogs.s3.us-west-2.amazonaws.com/sentinel-s2-l2a-cogs/23/K/NR/2020/12/S2A_23KNR_20201229_0_L2A/B03.tif,https://sentinel-cogs.s3.us-west-2.amazonaws.com/sentinel-s2-l2a-cogs/23/K/NR/2020/12/S2A_23KNR_20201229_0_L2A/B02.tif
40,S2A_23KNR_20200920_0_L2A,https://sentinel-cogs.s3.us-west-2.amazonaws.com/sentinel-s2-l2a-cogs/23/K/NR/2020/12/S2A_23KNR_20201229_0_L2A/B04.tif,https://sentinel-cogs.s3.us-west-2.amazonaws.com/sentinel-s2-l2a-cogs/23/K/NR/2020/12/S2A_23KNR_20201229_0_L2A/B03.tif,https://sentinel-cogs.s3.us-west-2.amazonaws.com/sentinel-s2-l2a-cogs/23/K/NR/2020/12/S2A_23KNR_20201229_0_L2A/B02.tif
41,S2A_23KPR_20200920_0_L2A,https://sentinel-cogs.s3.us-west-2.amazonaws.com/sentinel-s2-l2a-cogs/23/K/NR/2020/12/S2A_23KNR_20201229_0_L2A/B04.tif,https://sentinel-cogs.s3.us-west-2.amazonaws.com/sentinel-s2-l2a-cogs/23/K/NR/2020/12/S2A_23KNR_20201229_0_L2A/B03.tif,https://sentinel-cogs.s3.us-west-2.amazonaws.com/sentinel-s2-l2a-cogs/23/K/NR/2020/12/S2A_23KNR_20201229_0_L2A/B02.tif
42,S2B_23KNR_20200915_0_L2A,https://sentinel-cogs.s3.us-west-2.amazonaws.com/sentinel-s2-l2a-cogs/23/K/NR/2020/12/S2A_23KNR_20201229_0_L2A/B04.tif,https://sentinel-cogs.s3.us-west-2.amazonaws.com/sentinel-s2-l2a-cogs/23/K/NR/2020/12/S2A_23KNR_20201229_0_L2A/B03.tif,https://sentinel-cogs.s3.us-west-2.amazonaws.com/sentinel-s2-l2a-cogs/23/K/NR/2020/12/S2A_23KNR_20201229_0_L2A/B02.tif
43,S2B_23KPR_20200915_0_L2A,https://sentinel-cogs.s3.us-west-2.amazonaws.com/sentinel-s2-l2a-cogs/23/K/NR/2020/12/S2A_23KNR_20201229_0_L2A/B04.tif,https://sentinel-cogs.s3.us-west-2.amazonaws.com/sentinel-s2-l2a-cogs/23/K/NR/2020/12/S2A_23KNR_20201229_0_L2A/B03.tif,https://sentinel-cogs.s3.us-west-2.amazonaws.com/sentinel-s2-l2a-cogs/23/K/NR/2020/12/S2A_23KNR_20201229_0_L2A/B02.tif
44,S2A_23KNR_20200910_0_L2A,https://sentinel-cogs.s3.us-west-2.amazonaws.com/sentinel-s2-l2a-cogs/23/K/NR/2020/12/S2A_23KNR_20201229_0_L2A/B04.tif,https://sentinel-cogs.s3.us-west-2.amazonaws.com/sentinel-s2-l2a-cogs/23/K/NR/2020/12/S2A_23KNR_20201229_0_L2A/B03.tif,https://sentinel-cogs.s3.us-west-2.amazonaws.com/sentinel-s2-l2a-cogs/23/K/NR/2020/12/S2A_23KNR_20201229_0_L2A/B02.tif
45,S2A_23KPR_20200910_0_L2A,https://sentinel-cogs.s3.us-west-2.amazonaws.com/sentinel-s2-l2a-cogs/23/K/NR/2020/12/S2A_23KNR_20201229_0_L2A/B04.tif,https://sentinel-cogs.s3.us-west-2.amazonaws.com/sentinel-s2-l2a-cogs/23/K/NR/2020/12/S2A_23KNR_20201229_0_L2A/B03.tif,https://sentinel-cogs.s3.us-west-2.amazonaws.com/sentinel-s2-l2a-cogs/23/K/NR/2020/12/S2A_23KNR_20201229_0_L2A/B02.tif
46,S2B_23KNR_20200905_0_L2A,https://sentinel-cogs.s3.us-west-2.amazonaws.com/sentinel-s2-l2a-cogs/23/K/NR/2020/12/S2A_23KNR_20201229_0_L2A/B04.tif,https://sentinel-cogs.s3.us-west-2.amazonaws.com/sentinel-s2-l2a-cogs/23/K/NR/2020/12/S2A_23KNR_20201229_0_L2A/B03.tif,https://sentinel-cogs.s3.us-west-2.amazonaws.com/sentinel-s2-l2a-cogs/23/K/NR/2020/12/S2A_23KNR_20201229_0_L2A/B02.tif
47,S2B_23KPR_20200905_0_L2A,https://sentinel-cogs.s3.us-west-2.amazonaws.com/sentinel-s2-l2a-cogs/23/K/NR/2020/12/S2A_23KNR_20201229_0_L2A/B04.tif,https://sentinel-cogs.s3.us-west-2.amazonaws.com/sentinel-s2-l2a-cogs/23/K/NR/2020/12/S2A_23KNR_20201229_0_L2A/B03.tif,https://sentinel-cogs.s3.us-west-2.amazonaws.com/sentinel-s2-l2a-cogs/23/K/NR/2020/12/S2A_23KNR_20201229_0_L2A/B02.tif
48,S2A_23KNR_20200831_0_L2A,https://sentinel-cogs.s3.us-west-2.amazonaws.com/sentinel-s2-l2a-cogs/23/K/NR/2020/12/S2A_23KNR_20201229_0_L2A/B04.tif,https://sentinel-cogs.s3.us-west-2.amazonaws.com/sentinel-s2-l2a-cogs/23/K/NR/2020/12/S2A_23KNR_20201229_0_L2A/B03.tif,https://sentinel-cogs.s3.us-west-2.amazonaws.com/sentinel-s2-l2a-cogs/23/K/NR/2020/12/S2A_23KNR_20201229_0_L2A/B02.tif
49,S2A_23KPR_20200831_0_L2A,https://sentinel-cogs.s3.us-west-2.amazonaws.com/sentinel-s2-l2a-cogs/23/K/NR/2020/12/S2A_23KNR_20201229_0_L2A/B04.tif,https://sentinel-cogs.s3.us-west-2.amazonaws.com/sentinel-s2-l2a-cogs/23/K/NR/2020/12/S2A_23KNR_20201229_0_L2A/B03.tif,https://sentinel-cogs.s3.us-west-2.amazonaws.com/sentinel-s2-l2a-cogs/23/K/NR/2020/12/S2A_23KNR_20201229_0_L2A/B02.tif
50,S2B_23KNR_20200826_0_L2A,https://sentinel-cogs.s3.us-west-2.amazonaws.com/sentinel-s2-l2a-cogs/23/K/NR/2020/12/S2A_23KNR_20201229_0_L2A/B04.tif,https://sentinel-cogs.s3.us-west-2.amazonaws.com/sentinel-s2-l2a-cogs/23/K/NR/2020/12/S2A_23KNR_20201229_0_L2A/B03.tif,https://sentinel-cogs.s3.us-west-2.amazonaws.com/sentinel-s2-l2a-cogs/23/K/NR/2020/12/S2A_23KNR_20201229_0_L2A/B02.tif
51,S2B_23KPR_20200826_0_L2A,https://sentinel-cogs.s3.us-west-2.amazonaws.com/sentinel-s2-l2a-cogs/23/K/NR/2020/12/S2A_23KNR_20201229_0_L2A/B04.tif,https://sentinel-cogs.s3.us-west-2.amazonaws.com/sentinel-s2-l2a-cogs/23/K/NR/2020/12/S2A_23KNR_20201229_0_L2A/B03.tif,https://sentinel-cogs.s3.us-west-2.amazonaws.com/sentinel-s2-l2a-cogs/23/K/NR/2020/12/S2A_23KNR_20201229_0_L2A/B02.tif
52,S2A_23KNR_20200821_0_L2A,https://sentinel-cogs.s3.us-west-2.amazonaws.com/sentinel-s2-l2a-cogs/23/K/NR/2020/12/S2A_23KNR_20201229_0_L2A/B04.tif,https://sentinel-cogs.s3.us-west-2.amazonaws.com/sentinel-s2-l2a-cogs/23/K/NR/2020/12/S2A_23KNR_20201229_0_L2A/B03.tif,https://sentinel-cogs.s3.us-west-2.amazonaws.com/sentinel-s2-l2a-cogs/23/K/NR/2020/12/S2A_23KNR_20201229_0_L2A/B02.tif
53,S2A_23KPR_20200821_0_L2A,https://sentinel-cogs.s3.us-west-2.amazonaws.com/sentinel-s2-l2a-cogs/23/K/NR/2020/12/S2A_23KNR_20201229_0_L2A/B04.tif,https://sentinel-cogs.s3.us-west-2.amazonaws.com/sentinel-s2-l2a-cogs/23/K/NR/2020/12/S2A_23KNR_20201229_0_L2A/B03.tif,https://sentinel-cogs.s3.us-west-2.amazonaws.com/sentinel-s2-l2a-cogs/23/K/NR/2020/12/S2A_23KNR_20201229_0_L2A/B02.tif
54,S2B_23KNR_20200816_0_L2A,https://sentinel-cogs.s3.us-west-2.amazonaws.com/sentinel-s2-l2a-cogs/23/K/NR/2020/12/S2A_23KNR_20201229_0_L2A/B04.tif,https://sentinel-cogs.s3.us-west-2.amazonaws.com/sentinel-s2-l2a-cogs/23/K/NR/2020/12/S2A_23KNR_20201229_0_L2A/B03.tif,https://sentinel-cogs.s3.us-west-2.amazonaws.com/sentinel-s2-l2a-cogs/23/K/NR/2020/12/S2A_23KNR_20201229_0_L2A/B02.tif
55,S2B_23KPR_20200816_0_L2A,https://sentinel-cogs.s3.us-west-2.amazonaws.com/sentinel-s2-l2a-cogs/23/K/NR/2020/12/S2A_23KNR_20201229_0_L2A/B04.tif,https://sentinel-cogs.s3.us-west-2.amazonaws.com/sentinel-s2-l2a-cogs/23/K/NR/2020/12/S2A_23KNR_20201229_0_L2A/B03.tif,https://sentinel-cogs.s3.us-west-2.amazonaws.com/sentinel-s2-l2a-cogs/23/K/NR/2020/12/S2A_23KNR_20201229_0_L2A/B02.tif
56,S2A_23KNR_20200811_1_L2A,https://sentinel-cogs.s3.us-west-2.amazonaws.com/sentinel-s2-l2a-cogs/23/K/NR/2020/12/S2A_23KNR_20201229_0_L2A/B04.tif,https://sentinel-cogs.s3.us-west-2.amazonaws.com/sentinel-s2-l2a-cogs/23/K/NR/2020/12/S2A_23KNR_20201229_0_L2A/B03.tif,https://sentinel-cogs.s3.us-west-2.amazonaws.com/sentinel-s2-l2a-cogs/23/K/NR/2020/12/S2A_23KNR_20201229_0_L2A/B02.tif
57,S2A_23KPR_20200811_0_L2A,https://sentinel-cogs.s3.us-west-2.amazonaws.com/sentinel-s2-l2a-cogs/23/K/NR/2020/12/S2A_23KNR_20201229_0_L2A/B04.tif,https://sentinel-cogs.s3.us-west-2.amazonaws.com/sentinel-s2-l2a-cogs/23/K/NR/2020/12/S2A_23KNR_20201229_0_L2A/B03.tif,https://sentinel-cogs.s3.us-west-2.amazonaws.com/sentinel-s2-l2a-cogs/23/K/NR/2020/12/S2A_23KNR_20201229_0_L2A/B02.tif
58,S2B_23KNR_20200806_0_L2A,https://sentinel-cogs.s3.us-west-2.amazonaws.com/sentinel-s2-l2a-cogs/23/K/NR/2020/12/S2A_23KNR_20201229_0_L2A/B04.tif,https://sentinel-cogs.s3.us-west-2.amazonaws.com/sentinel-s2-l2a-cogs/23/K/NR/2020/12/S2A_23KNR_20201229_0_L2A/B03.tif,https://sentinel-cogs.s3.us-west-2.amazonaws.com/sentinel-s2-l2a-cogs/23/K/NR/2020/12/S2A_23KNR_20201229_0_L2A/B02.tif
59,S2B_23KPR_20200806_0_L2A,https://sentinel-cogs.s3.us-west-2.amazonaws.com/sentinel-s2-l2a-cogs/23/K/NR/2020/12/S2A_23KNR_20201229_0_L2A/B04.tif,https://sentinel-cogs.s3.us-west-2.amazonaws.com/sentinel-s2-l2a-cogs/23/K/NR/2020/12/S2A_23KNR_20201229_0_L2A/B03.tif,https://sentinel-cogs.s3.us-west-2.amazonaws.com/sentinel-s2-l2a-cogs/23/K/NR/2020/12/S2A_23KNR_20201229_0_L2A/B02.tif
60,S2A_23KNR_20200801_0_L2A,https://sentinel-cogs.s3.us-west-2.amazonaws.com/sentinel-s2-l2a-cogs/23/K/NR/2020/12/S2A_23KNR_20201229_0_L2A/B04.tif,https://sentinel-cogs.s3.us-west-2.amazonaws.com/sentinel-s2-l2a-cogs/23/K/NR/2020/12/S2A_23KNR_20201229_0_L2A/B03.tif,https://sentinel-cogs.s3.us-west-2.amazonaws.com/sentinel-s2-l2a-cogs/23/K/NR/2020/12/S2A_23KNR_20201229_0_L2A/B02.tif
61,S2A_23KPR_20200801_0_L2A,https://sentinel-cogs.s3.us-west-2.amazonaws.com/sentinel-s2-l2a-cogs/23/K/NR/2020/12/S2A_23KNR_20201229_0_L2A/B04.tif,https://sentinel-cogs.s3.us-west-2.amazonaws.com/sentinel-s2-l2a-cogs/23/K/NR/2020/12/S2A_23KNR_20201229_0_L2A/B03.tif,https://sentinel-cogs.s3.us-west-2.amazonaws.com/sentinel-s2-l2a-cogs/23/K/NR/2020/12/S2A_23KNR_20201229_0_L2A/B02.tif
62,S2B_23KNR_20200727_0_L2A,https://sentinel-cogs.s3.us-west-2.amazonaws.com/sentinel-s2-l2a-cogs/23/K/NR/2020/12/S2A_23KNR_20201229_0_L2A/B04.tif,https://sentinel-cogs.s3.us-west-2.amazonaws.com/sentinel-s2-l2a-cogs/23/K/NR/2020/12/S2A_23KNR_20201229_0_L2A/B03.tif,https://sentinel-cogs.s3.us-west-2.amazonaws.com/sentinel-s2-l2a-cogs/23/K/NR/2020/12/S2A_23KNR_20201229_0_L2A/B02.tif
63,S2B_23KPR_20200727_0_L2A,https://sentinel-cogs.s3.us-west-2.amazonaws.com/sentinel-s2-l2a-cogs/23/K/NR/2020/12/S2A_23KNR_20201229_0_L2A/B04.tif,https://sentinel-cogs.s3.us-west-2.amazonaws.com/sentinel-s2-l2a-cogs/23/K/NR/2020/12/S2A_23KNR_20201229_0_L2A/B03.tif,https://sentinel-cogs.s3.us-west-2.amazonaws.com/sentinel-s2-l2a-cogs/23/K/NR/2020/12/S2A_23KNR_20201229_0_L2A/B02.tif
64,S2A_23KNR_20200722_0_L2A,https://sentinel-cogs.s3.us-west-2.amazonaws.com/sentinel-s2-l2a-cogs/23/K/NR/2020/12/S2A_23KNR_20201229_0_L2A/B04.tif,https://sentinel-cogs.s3.us-west-2.amazonaws.com/sentinel-s2-l2a-cogs/23/K/NR/2020/12/S2A_23KNR_20201229_0_L2A/B03.tif,https://sentinel-cogs.s3.us-west-2.amazonaws.com/sentinel-s2-l2a-cogs/23/K/NR/2020/12/S2A_23KNR_20201229_0_L2A/B02.tif
65,S2A_23KPR_20200722_0_L2A,https://sentinel-cogs.s3.us-west-2.amazonaws.com/sentinel-s2-l2a-cogs/23/K/NR/2020/12/S2A_23KNR_20201229_0_L2A/B04.tif,https://sentinel-cogs.s3.us-west-2.amazonaws.com/sentinel-s2-l2a-cogs/23/K/NR/2020/12/S2A_23KNR_20201229_0_L2A/B03.tif,https://sentinel-cogs.s3.us-west-2.amazonaws.com/sentinel-s2-l2a-cogs/23/K/NR/2020/12/S2A_23KNR_20201229_0_L2A/B02.tif
66,S2B_23KNR_20200717_0_L2A,https://sentinel-cogs.s3.us-west-2.amazonaws.com/sentinel-s2-l2a-cogs/23/K/NR/2020/12/S2A_23KNR_20201229_0_L2A/B04.tif,https://sentinel-cogs.s3.us-west-2.amazonaws.com/sentinel-s2-l2a-cogs/23/K/NR/2020/12/S2A_23KNR_20201229_0_L2A/B03.tif,https://sentinel-cogs.s3.us-west-2.amazonaws.com/sentinel-s2-l2a-cogs/23/K/NR/2020/12/S2A_23KNR_20201229_0_L2A/B02.tif
67,S2B_23KPR_20200717_0_L2A,https://sentinel-cogs.s3.us-west-2.amazonaws.com/sentinel-s2-l2a-cogs/23/K/NR/2020/12/S2A_23KNR_20201229_0_L2A/B04.tif,https://sentinel-cogs.s3.us-west-2.amazonaws.com/sentinel-s2-l2a-cogs/23/K/NR/2020/12/S2A_23KNR_20201229_0_L2A/B03.tif,https://sentinel-cogs.s3.us-west-2.amazonaws.com/sentinel-s2-l2a-cogs/23/K/NR/2020/12/S2A_23KNR_20201229_0_L2A/B02.tif
68,S2A_23KNR_20200712_0_L2A,https://sentinel-cogs.s3.us-west-2.amazonaws.com/sentinel-s2-l2a-cogs/23/K/NR/2020/12/S2A_23KNR_20201229_0_L2A/B04.tif,https://sentinel-cogs.s3.us-west-2.amazonaws.com/sentinel-s2-l2a-cogs/23/K/NR/2020/12/S2A_23KNR_20201229_0_L2A/B03.tif,https://sentinel-cogs.s3.us-west-2.amazonaws.com/sentinel-s2-l2a-cogs/23/K/NR/2020/12/S2A_23KNR_20201229_0_L2A/B02.tif
69,S2A_23KPR_20200712_0_L2A,https://sentinel-cogs.s3.us-west-2.amazonaws.com/sentinel-s2-l2a-cogs/23/K/NR/2020/12/S2A_23KNR_20201229_0_L2A/B04.tif,https://sentinel-cogs.s3.us-west-2.amazonaws.com/sentinel-s2-l2a-cogs/23/K/NR/2020/12/S2A_23KNR_20201229_0_L2A/B03.tif,https://sentinel-cogs.s3.us-west-2.amazonaws.com/sentinel-s2-l2a-cogs/23/K/NR/2020/12/S2A_23KNR_20201229_0_L2A/B02.tif
70,S2B_23KNR_20200707_0_L2A,https://sentinel-cogs.s3.us-west-2.amazonaws.com/sentinel-s2-l2a-cogs/23/K/NR/2020/12/S2A_23KNR_20201229_0_L2A/B04.tif,https://sentinel-cogs.s3.us-west-2.amazonaws.com/sentinel-s2-l2a-cogs/23/K/NR/2020/12/S2A_23KNR_20201229_0_L2A/B03.tif,https://sentinel-cogs.s3.us-west-2.amazonaws.com/sentinel-s2-l2a-cogs/23/K/NR/2020/12/S2A_23KNR_20201229_0_L2A/B02.tif
71,S2B_23KPR_20200707_0_L2A,https://sentinel-cogs.s3.us-west-2.amazonaws.com/sentinel-s2-l2a-cogs/23/K/NR/2020/12/S2A_23KNR_20201229_0_L2A/B04.tif,https://sentinel-cogs.s3.us-west-2.amazonaws.com/sentinel-s2-l2a-cogs/23/K/NR/2020/12/S2A_23KNR_20201229_0_L2A/B03.tif,https://sentinel-cogs.s3.us-west-2.amazonaws.com/sentinel-s2-l2a-cogs/23/K/NR/2020/12/S2A_23KNR_20201229_0_L2A/B02.tif
72,S2A_23KNR_20200702_0_L2A,https://sentinel-cogs.s3.us-west-2.amazonaws.com/sentinel-s2-l2a-cogs/23/K/NR/2020/12/S2A_23KNR_20201229_0_L2A/B04.tif,https://sentinel-cogs.s3.us-west-2.amazonaws.com/sentinel-s2-l2a-cogs/23/K/NR/2020/12/S2A_23KNR_20201229_0_L2A/B03.tif,https://sentinel-cogs.s3.us-west-2.amazonaws.com/sentinel-s2-l2a-cogs/23/K/NR/2020/12/S2A_23KNR_20201229_0_L2A/B02.tif
73,S2A_23KPR_20200702_0_L2A,https://sentinel-cogs.s3.us-west-2.amazonaws.com/sentinel-s2-l2a-cogs/23/K/NR/2020/12/S2A_23KNR_20201229_0_L2A/B04.tif,https://sentinel-cogs.s3.us-west-2.amazonaws.com/sentinel-s2-l2a-cogs/23/K/NR/2020/12/S2A_23KNR_20201229_0_L2A/B03.tif,https://sentinel-cogs.s3.us-west-2.amazonaws.com/sentinel-s2-l2a-cogs/23/K/NR/2020/12/S2A_23KNR_20201229_0_L2A/B02.tif
74,S2B_23KNR_20200627_0_L2A,https://sentinel-cogs.s3.us-west-2.amazonaws.com/sentinel-s2-l2a-cogs/23/K/NR/2020/12/S2A_23KNR_20201229_0_L2A/B04.tif,https://sentinel-cogs.s3.us-west-2.amazonaws.com/sentinel-s2-l2a-cogs/23/K/NR/2020/12/S2A_23KNR_20201229_0_L2A/B03.tif,https://sentinel-cogs.s3.us-west-2.amazonaws.com/sentinel-s2-l2a-cogs/23/K/NR/2020/12/S2A_23KNR_20201229_0_L2A/B02.tif
75,S2B_23KPR_20200627_0_L2A,https://sentinel-cogs.s3.us-west-2.amazonaws.com/sentinel-s2-l2a-cogs/23/K/NR/2020/12/S2A_23KNR_20201229_0_L2A/B04.tif,https://sentinel-cogs.s3.us-west-2.amazonaws.com/sentinel-s2-l2a-cogs/23/K/NR/2020/12/S2A_23KNR_20201229_0_L2A/B03.tif,https://sentinel-cogs.s3.us-west-2.amazonaws.com/sentinel-s2-l2a-cogs/23/K/NR/2020/12/S2A_23KNR_20201229_0_L2A/B02.tif
76,S2A_23KNR_20200622_0_L2A,https://sentinel-cogs.s3.us-west-2.amazonaws.com/sentinel-s2-l2a-cogs/23/K/NR/2020/12/S2A_23KNR_20201229_0_L2A/B04.tif,https://sentinel-cogs.s3.us-west-2.amazonaws.com/sentinel-s2-l2a-cogs/23/K/NR/2020/12/S2A_23KNR_20201229_0_L2A/B03.tif,https://sentinel-cogs.s3.us-west-2.amazonaws.com/sentinel-s2-l2a-cogs/23/K/NR/2020/12/S2A_23KNR_20201229_0_L2A/B02.tif
77,S2A_23KPR_20200622_0_L2A,https://sentinel-cogs.s3.us-west-2.amazonaws.com/sentinel-s2-l2a-cogs/23/K/NR/2020/12/S2A_23KNR_20201229_0_L2A/B04.tif,https://sentinel-cogs.s3.us-west-2.amazonaws.com/sentinel-s2-l2a-cogs/23/K/NR/2020/12/S2A_23KNR_20201229_0_L2A/B03.tif,https://sentinel-cogs.s3.us-west-2.amazonaws.com/sentinel-s2-l2a-cogs/23/K/NR/2020/12/S2A_23KNR_20201229_0_L2A/B02.tif
78,S2B_23KNR_20200617_0_L2A,https://sentinel-cogs.s3.us-west-2.amazonaws.com/sentinel-s2-l2a-cogs/23/K/NR/2020/12/S2A_23KNR_20201229_0_L2A/B04.tif,https://sentinel-cogs.s3.us-west-2.amazonaws.com/sentinel-s2-l2a-cogs/23/K/NR/2020/12/S2A_23KNR_20201229_0_L2A/B03.tif,https://sentinel-cogs.s3.us-west-2.amazonaws.com/sentinel-s2-l2a-cogs/23/K/NR/2020/12/S2A_23KNR_20201229_0_L2A/B02.tif
79,S2B_23KPR_20200617_0_L2A,https://sentinel-cogs.s3.us-west-2.amazonaws.com/sentinel-s2-l2a-cogs/23/K/NR/2020/12/S2A_23KNR_20201229_0_L2A/B04.tif,https://sentinel-cogs.s3.us-west-2.amazonaws.com/sentinel-s2-l2a-cogs/23/K/NR/2020/12/S2A_23KNR_20201229_0_L2A/B03.tif,https://sentinel-cogs.s3.us-west-2.amazonaws.com/sentinel-s2-l2a-cogs/23/K/NR/2020/12/S2A_23KNR_20201229_0_L2A/B02.tif
80,S2A_23KNR_20200612_0_L2A,https://sentinel-cogs.s3.us-west-2.amazonaws.com/sentinel-s2-l2a-cogs/23/K/NR/2020/12/S2A_23KNR_20201229_0_L2A/B04.tif,https://sentinel-cogs.s3.us-west-2.amazonaws.com/sentinel-s2-l2a-cogs/23/K/NR/2020/12/S2A_23KNR_20201229_0_L2A/B03.tif,https://sentinel-cogs.s3.us-west-2.amazonaws.com/sentinel-s2-l2a-cogs/23/K/NR/2020/12/S2A_23KNR_20201229_0_L2A/B02.tif
81,S2A_23KPR_20200612_0_L2A,https://sentinel-cogs.s3.us-west-2.amazonaws.com/sentinel-s2-l2a-cogs/23/K/NR/2020/12/S2A_23KNR_20201229_0_L2A/B04.tif,https://sentinel-cogs.s3.us-west-2.amazonaws.com/sentinel-s2-l2a-cogs/23/K/NR/2020/12/S2A_23KNR_20201229_0_L2A/B03.tif,https://sentinel-cogs.s3.us-west-2.amazonaws.com/sentinel-s2-l2a-cogs/23/K/NR/2020/12/S2A_23KNR_20201229_0_L2A/B02.tif
82,S2B_23KNR_20200607_0_L2A,https://sentinel-cogs.s3.us-west-2.amazonaws.com/sentinel-s2-l2a-cogs/23/K/NR/2020/12/S2A_23KNR_20201229_0_L2A/B04.tif,https://sentinel-cogs.s3.us-west-2.amazonaws.com/sentinel-s2-l2a-cogs/23/K/NR/2020/12/S2A_23KNR_20201229_0_L2A/B03.tif,https://sentinel-cogs.s3.us-west-2.amazonaws.com/sentinel-s2-l2a-cogs/23/K/NR/2020/12/S2A_23KNR_20201229_0_L2A/B02.tif
83,S2B_23KPR_20200607_0_L2A,https://sentinel-cogs.s3.us-west-2.amazonaws.com/sentinel-s2-l2a-cogs/23/K/NR/2020/12/S2A_23KNR_20201229_0_L2A/B04.tif,https://sentinel-cogs.s3.us-west-2.amazonaws.com/sentinel-s2-l2a-cogs/23/K/NR/2020/12/S2A_23KNR_20201229_0_L2A/B03.tif,https://sentinel-cogs.s3.us-west-2.amazonaws.com/sentinel-s2-l2a-cogs/23/K/NR/2020/12/S2A_23KNR_20201229_0_L2A/B02.tif
84,S2A_23KNR_20200602_0_L2A,https://sentinel-cogs.s3.us-west-2.amazonaws.com/sentinel-s2-l2a-cogs/23/K/NR/2020/12/S2A_23KNR_20201229_0_L2A/B04.tif,https://sentinel-cogs.s3.us-west-2.amazonaws.com/sentinel-s2-l2a-cogs/23/K/NR/2020/12/S2A_23KNR_20201229_0_L2A/B03.tif,https://sentinel-cogs.s3.us-west-2.amazonaws.com/sentinel-s2-l2a-cogs/23/K/NR/2020/12/S2A_23KNR_20201229_0_L2A/B02.tif
85,S2A_23KPR_20200602_0_L2A,https://sentinel-cogs.s3.us-west-2.amazonaws.com/sentinel-s2-l2a-cogs/23/K/NR/2020/12/S2A_23KNR_20201229_0_L2A/B04.tif,https://sentinel-cogs.s3.us-west-2.amazonaws.com/sentinel-s2-l2a-cogs/23/K/NR/2020/12/S2A_23KNR_20201229_0_L2A/B03.tif,https://sentinel-cogs.s3.us-west-2.amazonaws.com/sentinel-s2-l2a-cogs/23/K/NR/2020/12/S2A_23KNR_20201229_0_L2A/B02.tif
86,S2B_23KNR_20200528_0_L2A,https://sentinel-cogs.s3.us-west-2.amazonaws.com/sentinel-s2-l2a-cogs/23/K/NR/2020/12/S2A_23KNR_20201229_0_L2A/B04.tif,https://sentinel-cogs.s3.us-west-2.amazonaws.com/sentinel-s2-l2a-cogs/23/K/NR/2020/12/S2A_23KNR_20201229_0_L2A/B03.tif,https://sentinel-cogs.s3.us-west-2.amazonaws.com/sentinel-s2-l2a-cogs/23/K/NR/2020/12/S2A_23KNR_20201229_0_L2A/B02.tif
87,S2B_23KPR_20200528_0_L2A,https://sentinel-cogs.s3.us-west-2.amazonaws.com/sentinel-s2-l2a-cogs/23/K/NR/2020/12/S2A_23KNR_20201229_0_L2A/B04.tif,https://sentinel-cogs.s3.us-west-2.amazonaws.com/sentinel-s2-l2a-cogs/23/K/NR/2020/12/S2A_23KNR_20201229_0_L2A/B03.tif,https://sentinel-cogs.s3.us-west-2.amazonaws.com/sentinel-s2-l2a-cogs/23/K/NR/2020/12/S2A_23KNR_20201229_0_L2A/B02.tif
88,S2A_23KNR_20200523_0_L2A,https://sentinel-cogs.s3.us-west-2.amazonaws.com/sentinel-s2-l2a-cogs/23/K/NR/2020/12/S2A_23KNR_20201229_0_L2A/B04.tif,https://sentinel-cogs.s3.us-west-2.amazonaws.com/sentinel-s2-l2a-cogs/23/K/NR/2020/12/S2A_23KNR_20201229_0_L2A/B03.tif,https://sentinel-cogs.s3.us-west-2.amazonaws.com/sentinel-s2-l2a-cogs/23/K/NR/2020/12/S2A_23KNR_20201229_0_L2A/B02.tif
89,S2A_23KPR_20200523_0_L2A,https://sentinel-cogs.s3.us-west-2.amazonaws.com/sentinel-s2-l2a-cogs/23/K/NR/2020/12/S2A_23KNR_20201229_0_L2A/B04.tif,https://sentinel-cogs.s3.us-west-2.amazonaws.com/sentinel-s2-l2a-cogs/23/K/NR/2020/12/S2A_23KNR_20201229_0_L2A/B03.tif,https://sentinel-cogs.s3.us-west-2.amazonaws.com/sentinel-s2-l2a-cogs/23/K/NR/2020/12/S2A_23KNR_20201229_0_L2A/B02.tif
90,S2B_23KNR_20200518_0_L2A,https://sentinel-cogs.s3.us-west-2.amazonaws.com/sentinel-s2-l2a-cogs/23/K/NR/2020/12/S2A_23KNR_20201229_0_L2A/B04.tif,https://sentinel-cogs.s3.us-west-2.amazonaws.com/sentinel-s2-l2a-cogs/23/K/NR/2020/12/S2A_23KNR_20201229_0_L2A/B03.tif,https://sentinel-cogs.s3.us-west-2.amazonaws.com/sentinel-s2-l2a-cogs/23/K/NR/2020/12/S2A_23KNR_20201229_0_L2A/B02.tif
91,S2B_23KPR_20200518_0_L2A,https://sentinel-cogs.s3.us-west-2.amazonaws.com/sentinel-s2-l2a-cogs/23/K/NR/2020/12/S2A_23KNR_20201229_0_L2A/B04.tif,https://sentinel-cogs.s3.us-west-2.amazonaws.com/sentinel-s2-l2a-cogs/23/K/NR/2020/12/S2A_23KNR_20201229_0_L2A/B03.tif,https://sentinel-cogs.s3.us-west-2.amazonaws.com/sentinel-s2-l2a-cogs/23/K/NR/2020/12/S2A_23KNR_20201229_0_L2A/B02.tif
92,S2A_23KNR_20200513_0_L2A,https://sentinel-cogs.s3.us-west-2.amazonaws.com/sentinel-s2-l2a-cogs/23/K/NR/2020/12/S2A_23KNR_20201229_0_L2A/B04.tif,https://sentinel-cogs.s3.us-west-2.amazonaws.com/sentinel-s2-l2a-cogs/23/K/NR/2020/12/S2A_23KNR_20201229_0_L2A/B03.tif,https://sentinel-cogs.s3.us-west-2.amazonaws.com/sentinel-s2-l2a-cogs/23/K/NR/2020/12/S2A_23KNR_20201229_0_L2A/B02.tif
93,S2A_23KPR_20200513_0_L2A,https://sentinel-cogs.s3.us-west-2.amazonaws.com/sentinel-s2-l2a-cogs/23/K/NR/2020/12/S2A_23KNR_20201229_0_L2A/B04.tif,https://sentinel-cogs.s3.us-west-2.amazonaws.com/sentinel-s2-l2a-cogs/23/K/NR/2020/12/S2A_23KNR_20201229_0_L2A/B03.tif,https://sentinel-cogs.s3.us-west-2.amazonaws.com/sentinel-s2-l2a-cogs/23/K/NR/2020/12/S2A_23KNR_20201229_0_L2A/B02.tif
94,S2B_23KNR_20200508_0_L2A,https://sentinel-cogs.s3.us-west-2.amazonaws.com/sentinel-s2-l2a-cogs/23/K/NR/2020/12/S2A_23KNR_20201229_0_L2A/B04.tif,https://sentinel-cogs.s3.us-west-2.amazonaws.com/sentinel-s2-l2a-cogs/23/K/NR/2020/12/S2A_23KNR_20201229_0_L2A/B03.tif,https://sentinel-cogs.s3.us-west-2.amazonaws.com/sentinel-s2-l2a-cogs/23/K/NR/2020/12/S2A_23KNR_20201229_0_L2A/B02.tif
95,S2B_23KPR_20200508_0_L2A,https://sentinel-cogs.s3.us-west-2.amazonaws.com/sentinel-s2-l2a-cogs/23/K/NR/2020/12/S2A_23KNR_20201229_0_L2A/B04.tif,https://sentinel-cogs.s3.us-west-2.amazonaws.com/sentinel-s2-l2a-cogs/23/K/NR/2020/12/S2A_23KNR_20201229_0_L2A/B03.tif,https://sentinel-cogs.s3.us-west-2.amazonaws.com/sentinel-s2-l2a-cogs/23/K/NR/2020/12/S2A_23KNR_20201229_0_L2A/B02.tif
96,S2A_23KNR_20200503_0_L2A,https://sentinel-cogs.s3.us-west-2.amazonaws.com/sentinel-s2-l2a-cogs/23/K/NR/2020/12/S2A_23KNR_20201229_0_L2A/B04.tif,https://sentinel-cogs.s3.us-west-2.amazonaws.com/sentinel-s2-l2a-cogs/23/K/NR/2020/12/S2A_23KNR_20201229_0_L2A/B03.tif,https://sentinel-cogs.s3.us-west-2.amazonaws.com/sentinel-s2-l2a-cogs/23/K/NR/2020/12/S2A_23KNR_20201229_0_L2A/B02.tif
97,S2A_23KPR_20200503_0_L2A,https://sentinel-cogs.s3.us-west-2.amazonaws.com/sentinel-s2-l2a-cogs/23/K/NR/2020/12/S2A_23KNR_20201229_0_L2A/B04.tif,https://sentinel-cogs.s3.us-west-2.amazonaws.com/sentinel-s2-l2a-cogs/23/K/NR/2020/12/S2A_23KNR_20201229_0_L2A/B03.tif,https://sentinel-cogs.s3.us-west-2.amazonaws.com/sentinel-s2-l2a-cogs/23/K/NR/2020/12/S2A_23KNR_20201229_0_L2A/B02.tif
98,S2B_23KNR_20200428_0_L2A,https://sentinel-cogs.s3.us-west-2.amazonaws.com/sentinel-s2-l2a-cogs/23/K/NR/2020/12/S2A_23KNR_20201229_0_L2A/B04.tif,https://sentinel-cogs.s3.us-west-2.amazonaws.com/sentinel-s2-l2a-cogs/23/K/NR/2020/12/S2A_23KNR_20201229_0_L2A/B03.tif,https://sentinel-cogs.s3.us-west-2.amazonaws.com/sentinel-s2-l2a-cogs/23/K/NR/2020/12/S2A_23KNR_20201229_0_L2A/B02.tif
99,S2B_23KPR_20200428_0_L2A,https://sentinel-cogs.s3.us-west-2.amazonaws.com/sentinel-s2-l2a-cogs/23/K/NR/2020/12/S2A_23KNR_20201229_0_L2A/B04.tif,https://sentinel-cogs.s3.us-west-2.amazonaws.com/sentinel-s2-l2a-cogs/23/K/NR/2020/12/S2A_23KNR_20201229_0_L2A/B03.tif,https://sentinel-cogs.s3.us-west-2.amazonaws.com/sentinel-s2-l2a-cogs/23/K/NR/2020/12/S2A_23KNR_20201229_0_L2A/B02.tif
100,S2A_23KNR_20200423_0_L2A,https://sentinel-cogs.s3.us-west-2.amazonaws.com/sentinel-s2-l2a-cogs/23/K/NR/2020/12/S2A_23KNR_20201229_0_L2A/B04.tif,https://sentinel-cogs.s3.us-west-2.amazonaws.com/sentinel-s2-l2a-cogs/23/K/NR/2020/12/S2A_23KNR_20201229_0_L2A/B03.tif,https://sentinel-cogs.s3.us-west-2.amazonaws.com/sentinel-s2-l2a-cogs/23/K/NR/2020/12/S2A_23KNR_20201229_0_L2A/B02.tif
101,S2A_23KPR_20200423_0_L2A,https://sentinel-cogs.s3.us-west-2.amazonaws.com/sentinel-s2-l2a-cogs/23/K/NR/2020/12/S2A_23KNR_20201229_0_L2A/B04.tif,https://sentinel-cogs.s3.us-west-2.amazonaws.com/sentinel-s2-l2a-cogs/23/K/NR/2020/12/S2A_23KNR_20201229_0_L2A/B03.tif,https://sentinel-cogs.s3.us-west-2.amazonaws.com/sentinel-s2-l2a-cogs/23/K/NR/2020/12/S2A_23KNR_20201229_0_L2A/B02.tif
102,S2B_23KNR_20200418_0_L2A,https://sentinel-cogs.s3.us-west-2.amazonaws.com/sentinel-s2-l2a-cogs/23/K/NR/2020/12/S2A_23KNR_20201229_0_L2A/B04.tif,https://sentinel-cogs.s3.us-west-2.amazonaws.com/sentinel-s2-l2a-cogs/23/K/NR/2020/12/S2A_23KNR_20201229_0_L2A/B03.tif,https://sentinel-cogs.s3.us-west-2.amazonaws.com/sentinel-s2-l2a-cogs/23/K/NR/2020/12/S2A_23KNR_20201229_0_L2A/B02.tif
103,S2B_23KPR_20200418_0_L2A,https://sentinel-cogs.s3.us-west-2.amazonaws.com/sentinel-s2-l2a-cogs/23/K/NR/2020/12/S2A_23KNR_20201229_0_L2A/B04.tif,https://sentinel-cogs.s3.us-west-2.amazonaws.com/sentinel-s2-l2a-cogs/23/K/NR/2020/12/S2A_23KNR_20201229_0_L2A/B03.tif,https://sentinel-cogs.s3.us-west-2.amazonaws.com/sentinel-s2-l2a-cogs/23/K/NR/2020/12/S2A_23KNR_20201229_0_L2A/B02.tif
104,S2A_23KNR_20200413_0_L2A,https://sentinel-cogs.s3.us-west-2.amazonaws.com/sentinel-s2-l2a-cogs/23/K/NR/2020/12/S2A_23KNR_20201229_0_L2A/B04.tif,https://sentinel-cogs.s3.us-west-2.amazonaws.com/sentinel-s2-l2a-cogs/23/K/NR/2020/12/S2A_23KNR_20201229_0_L2A/B03.tif,https://sentinel-cogs.s3.us-west-2.amazonaws.com/sentinel-s2-l2a-cogs/23/K/NR/2020/12/S2A_23KNR_20201229_0_L2A/B02.tif
105,S2A_23KPR_20200413_0_L2A,https://sentinel-cogs.s3.us-west-2.amazonaws.com/sentinel-s2-l2a-cogs/23/K/NR/2020/12/S2A_23KNR_20201229_0_L2A/B04.tif,https://sentinel-cogs.s3.us-west-2.amazonaws.com/sentinel-s2-l2a-cogs/23/K/NR/2020/12/S2A_23KNR_20201229_0_L2A/B03.tif,https://sentinel-cogs.s3.us-west-2.amazonaws.com/sentinel-s2-l2a-cogs/23/K/NR/2020/12/S2A_23KNR_20201229_0_L2A/B02.tif
106,S2B_23KNR_20200408_0_L2A,https://sentinel-cogs.s3.us-west-2.amazonaws.com/sentinel-s2-l2a-cogs/23/K/NR/2020/12/S2A_23KNR_20201229_0_L2A/B04.tif,https://sentinel-cogs.s3.us-west-2.amazonaws.com/sentinel-s2-l2a-cogs/23/K/NR/2020/12/S2A_23KNR_20201229_0_L2A/B03.tif,https://sentinel-cogs.s3.us-west-2.amazonaws.com/sentinel-s2-l2a-cogs/23/K/NR/2020/12/S2A_23KNR_20201229_0_L2A/B02.tif
107,S2B_23KPR_20200408_0_L2A,https://sentinel-cogs.s3.us-west-2.amazonaws.com/sentinel-s2-l2a-cogs/23/K/NR/2020/12/S2A_23KNR_20201229_0_L2A/B04.tif,https://sentinel-cogs.s3.us-west-2.amazonaws.com/sentinel-s2-l2a-cogs/23/K/NR/2020/12/S2A_23KNR_20201229_0_L2A/B03.tif,https://sentinel-cogs.s3.us-west-2.amazonaws.com/sentinel-s2-l2a-cogs/23/K/NR/2020/12/S2A_23KNR_20201229_0_L2A/B02.tif
108,S2A_23KNR_20200403_0_L2A,https://sentinel-cogs.s3.us-west-2.amazonaws.com/sentinel-s2-l2a-cogs/23/K/NR/2020/12/S2A_23KNR_20201229_0_L2A/B04.tif,https://sentinel-cogs.s3.us-west-2.amazonaws.com/sentinel-s2-l2a-cogs/23/K/NR/2020/12/S2A_23KNR_20201229_0_L2A/B03.tif,https://sentinel-cogs.s3.us-west-2.amazonaws.com/sentinel-s2-l2a-cogs/23/K/NR/2020/12/S2A_23KNR_20201229_0_L2A/B02.tif
109,S2A_23KPR_20200403_0_L2A,https://sentinel-cogs.s3.us-west-2.amazonaws.com/sentinel-s2-l2a-cogs/23/K/NR/2020/12/S2A_23KNR_20201229_0_L2A/B04.tif,https://sentinel-cogs.s3.us-west-2.amazonaws.com/sentinel-s2-l2a-cogs/23/K/NR/2020/12/S2A_23KNR_20201229_0_L2A/B03.tif,https://sentinel-cogs.s3.us-west-2.amazonaws.com/sentinel-s2-l2a-cogs/23/K/NR/2020/12/S2A_23KNR_20201229_0_L2A/B02.tif
110,S2B_23KNR_20200329_0_L2A,https://sentinel-cogs.s3.us-west-2.amazonaws.com/sentinel-s2-l2a-cogs/23/K/NR/2020/12/S2A_23KNR_20201229_0_L2A/B04.tif,https://sentinel-cogs.s3.us-west-2.amazonaws.com/sentinel-s2-l2a-cogs/23/K/NR/2020/12/S2A_23KNR_20201229_0_L2A/B03.tif,https://sentinel-cogs.s3.us-west-2.amazonaws.com/sentinel-s2-l2a-cogs/23/K/NR/2020/12/S2A_23KNR_20201229_0_L2A/B02.tif
111,S2B_23KPR_20200329_0_L2A,https://sentinel-cogs.s3.us-west-2.amazonaws.com/sentinel-s2-l2a-cogs/23/K/NR/2020/12/S2A_23KNR_20201229_0_L2A/B04.tif,https://sentinel-cogs.s3.us-west-2.amazonaws.com/sentinel-s2-l2a-cogs/23/K/NR/2020/12/S2A_23KNR_20201229_0_L2A/B03.tif,https://sentinel-cogs.s3.us-west-2.amazonaws.com/sentinel-s2-l2a-cogs/23/K/NR/2020/12/S2A_23KNR_20201229_0_L2A/B02.tif
112,S2A_23KNR_20200324_0_L2A,https://sentinel-cogs.s3.us-west-2.amazonaws.com/sentinel-s2-l2a-cogs/23/K/NR/2020/12/S2A_23KNR_20201229_0_L2A/B04.tif,https://sentinel-cogs.s3.us-west-2.amazonaws.com/sentinel-s2-l2a-cogs/23/K/NR/2020/12/S2A_23KNR_20201229_0_L2A/B03.tif,https://sentinel-cogs.s3.us-west-2.amazonaws.com/sentinel-s2-l2a-cogs/23/K/NR/2020/12/S2A_23KNR_20201229_0_L2A/B02.tif
113,S2A_23KPR_20200324_0_L2A,https://sentinel-cogs.s3.us-west-2.amazonaws.com/sentinel-s2-l2a-cogs/23/K/NR/2020/12/S2A_23KNR_20201229_0_L2A/B04.tif,https://sentinel-cogs.s3.us-west-2.amazonaws.com/sentinel-s2-l2a-cogs/23/K/NR/2020/12/S2A_23KNR_20201229_0_L2A/B03.tif,https://sentinel-cogs.s3.us-west-2.amazonaws.com/sentinel-s2-l2a-cogs/23/K/NR/2020/12/S2A_23KNR_20201229_0_L2A/B02.tif
114,S2B_23KNR_20200319_0_L2A,https://sentinel-cogs.s3.us-west-2.amazonaws.com/sentinel-s2-l2a-cogs/23/K/NR/2020/12/S2A_23KNR_20201229_0_L2A/B04.tif,https://sentinel-cogs.s3.us-west-2.amazonaws.com/sentinel-s2-l2a-cogs/23/K/NR/2020/12/S2A_23KNR_20201229_0_L2A/B03.tif,https://sentinel-cogs.s3.us-west-2.amazonaws.com/sentinel-s2-l2a-cogs/23/K/NR/2020/12/S2A_23KNR_20201229_0_L2A/B02.tif
115,S2B_23KPR_20200319_0_L2A,https://sentinel-cogs.s3.us-west-2.amazonaws.com/sentinel-s2-l2a-cogs/23/K/NR/2020/12/S2A_23KNR_20201229_0_L2A/B04.tif,https://sentinel-cogs.s3.us-west-2.amazonaws.com/sentinel-s2-l2a-cogs/23/K/NR/2020/12/S2A_23KNR_20201229_0_L2A/B03.tif,https://sentinel-cogs.s3.us-west-2.amazonaws.com/sentinel-s2-l2a-cogs/23/K/NR/2020/12/S2A_23KNR_20201229_0_L2A/B02.tif
116,S2A_23KNR_20200314_0_L2A,https://sentinel-cogs.s3.us-west-2.amazonaws.com/sentinel-s2-l2a-cogs/23/K/NR/2020/12/S2A_23KNR_20201229_0_L2A/B04.tif,https://sentinel-cogs.s3.us-west-2.amazonaws.com/sentinel-s2-l2a-cogs/23/K/NR/2020/12/S2A_23KNR_20201229_0_L2A/B03.tif,https://sentinel-cogs.s3.us-west-2.amazonaws.com/sentinel-s2-l2a-cogs/23/K/NR/2020/12/S2A_23KNR_20201229_0_L2A/B02.tif
117,S2A_23KPR_20200314_0_L2A,https://sentinel-cogs.s3.us-west-2.amazonaws.com/sentinel-s2-l2a-cogs/23/K/NR/2020/12/S2A_23KNR_20201229_0_L2A/B04.tif,https://sentinel-cogs.s3.us-west-2.amazonaws.com/sentinel-s2-l2a-cogs/23/K/NR/2020/12/S2A_23KNR_20201229_0_L2A/B03.tif,https://sentinel-cogs.s3.us-west-2.amazonaws.com/sentinel-s2-l2a-cogs/23/K/NR/2020/12/S2A_23KNR_20201229_0_L2A/B02.tif
118,S2B_23KNR_20200309_0_L2A,https://sentinel-cogs.s3.us-west-2.amazonaws.com/sentinel-s2-l2a-cogs/23/K/NR/2020/12/S2A_23KNR_20201229_0_L2A/B04.tif,https://sentinel-cogs.s3.us-west-2.amazonaws.com/sentinel-s2-l2a-cogs/23/K/NR/2020/12/S2A_23KNR_20201229_0_L2A/B03.tif,https://sentinel-cogs.s3.us-west-2.amazonaws.com/sentinel-s2-l2a-cogs/23/K/NR/2020/12/S2A_23KNR_20201229_0_L2A/B02.tif
119,S2B_23KPR_20200309_0_L2A,https://sentinel-cogs.s3.us-west-2.amazonaws.com/sentinel-s2-l2a-cogs/23/K/NR/2020/12/S2A_23KNR_20201229_0_L2A/B04.tif,https://sentinel-cogs.s3.us-west-2.amazonaws.com/sentinel-s2-l2a-cogs/23/K/NR/2020/12/S2A_23KNR_20201229_0_L2A/B03.tif,https://sentinel-cogs.s3.us-west-2.amazonaws.com/sentinel-s2-l2a-cogs/23/K/NR/2020/12/S2A_23KNR_20201229_0_L2A/B02.tif
120,S2A_23KNR_20200304_0_L2A,https://sentinel-cogs.s3.us-west-2.amazonaws.com/sentinel-s2-l2a-cogs/23/K/NR/2020/12/S2A_23KNR_20201229_0_L2A/B04.tif,https://sentinel-cogs.s3.us-west-2.amazonaws.com/sentinel-s2-l2a-cogs/23/K/NR/2020/12/S2A_23KNR_20201229_0_L2A/B03.tif,https://sentinel-cogs.s3.us-west-2.amazonaws.com/sentinel-s2-l2a-cogs/23/K/NR/2020/12/S2A_23KNR_20201229_0_L2A/B02.tif
121,S2A_23KPR_20200304_0_L2A,https://sentinel-cogs.s3.us-west-2.amazonaws.com/sentinel-s2-l2a-cogs/23/K/NR/2020/12/S2A_23KNR_20201229_0_L2A/B04.tif,https://sentinel-cogs.s3.us-west-2.amazonaws.com/sentinel-s2-l2a-cogs/23/K/NR/2020/12/S2A_23KNR_20201229_0_L2A/B03.tif,https://sentinel-cogs.s3.us-west-2.amazonaws.com/sentinel-s2-l2a-cogs/23/K/NR/2020/12/S2A_23KNR_20201229_0_L2A/B02.tif
122,S2B_23KNR_20200228_0_L2A,https://sentinel-cogs.s3.us-west-2.amazonaws.com/sentinel-s2-l2a-cogs/23/K/NR/2020/12/S2A_23KNR_20201229_0_L2A/B04.tif,https://sentinel-cogs.s3.us-west-2.amazonaws.com/sentinel-s2-l2a-cogs/23/K/NR/2020/12/S2A_23KNR_20201229_0_L2A/B03.tif,https://sentinel-cogs.s3.us-west-2.amazonaws.com/sentinel-s2-l2a-cogs/23/K/NR/2020/12/S2A_23KNR_20201229_0_L2A/B02.tif
123,S2B_23KPR_20200228_0_L2A,https://sentinel-cogs.s3.us-west-2.amazonaws.com/sentinel-s2-l2a-cogs/23/K/NR/2020/12/S2A_23KNR_20201229_0_L2A/B04.tif,https://sentinel-cogs.s3.us-west-2.amazonaws.com/sentinel-s2-l2a-cogs/23/K/NR/2020/12/S2A_23KNR_20201229_0_L2A/B03.tif,https://sentinel-cogs.s3.us-west-2.amazonaws.com/sentinel-s2-l2a-cogs/23/K/NR/2020/12/S2A_23KNR_20201229_0_L2A/B02.tif
124,S2A_23KNR_20200223_0_L2A,https://sentinel-cogs.s3.us-west-2.amazonaws.com/sentinel-s2-l2a-cogs/23/K/NR/2020/12/S2A_23KNR_20201229_0_L2A/B04.tif,https://sentinel-cogs.s3.us-west-2.amazonaws.com/sentinel-s2-l2a-cogs/23/K/NR/2020/12/S2A_23KNR_20201229_0_L2A/B03.tif,https://sentinel-cogs.s3.us-west-2.amazonaws.com/sentinel-s2-l2a-cogs/23/K/NR/2020/12/S2A_23KNR_20201229_0_L2A/B02.tif
125,S2A_23KPR_20200223_0_L2A,https://sentinel-cogs.s3.us-west-2.amazonaws.com/sentinel-s2-l2a-cogs/23/K/NR/2020/12/S2A_23KNR_20201229_0_L2A/B04.tif,https://sentinel-cogs.s3.us-west-2.amazonaws.com/sentinel-s2-l2a-cogs/23/K/NR/2020/12/S2A_23KNR_20201229_0_L2A/B03.tif,https://sentinel-cogs.s3.us-west-2.amazonaws.com/sentinel-s2-l2a-cogs/23/K/NR/2020/12/S2A_23KNR_20201229_0_L2A/B02.tif
126,S2B_23KNR_20200218_0_L2A,https://sentinel-cogs.s3.us-west-2.amazonaws.com/sentinel-s2-l2a-cogs/23/K/NR/2020/12/S2A_23KNR_20201229_0_L2A/B04.tif,https://sentinel-cogs.s3.us-west-2.amazonaws.com/sentinel-s2-l2a-cogs/23/K/NR/2020/12/S2A_23KNR_20201229_0_L2A/B03.tif,https://sentinel-cogs.s3.us-west-2.amazonaws.com/sentinel-s2-l2a-cogs/23/K/NR/2020/12/S2A_23KNR_20201229_0_L2A/B02.tif
127,S2B_23KPR_20200218_0_L2A,https://sentinel-cogs.s3.us-west-2.amazonaws.com/sentinel-s2-l2a-cogs/23/K/NR/2020/12/S2A_23KNR_20201229_0_L2A/B04.tif,https://sentinel-cogs.s3.us-west-2.amazonaws.com/sentinel-s2-l2a-cogs/23/K/NR/2020/12/S2A_23KNR_20201229_0_L2A/B03.tif,https://sentinel-cogs.s3.us-west-2.amazonaws.com/sentinel-s2-l2a-cogs/23/K/NR/2020/12/S2A_23KNR_20201229_0_L2A/B02.tif
128,S2A_23KNR_20200213_0_L2A,https://sentinel-cogs.s3.us-west-2.amazonaws.com/sentinel-s2-l2a-cogs/23/K/NR/2020/12/S2A_23KNR_20201229_0_L2A/B04.tif,https://sentinel-cogs.s3.us-west-2.amazonaws.com/sentinel-s2-l2a-cogs/23/K/NR/2020/12/S2A_23KNR_20201229_0_L2A/B03.tif,https://sentinel-cogs.s3.us-west-2.amazonaws.com/sentinel-s2-l2a-cogs/23/K/NR/2020/12/S2A_23KNR_20201229_0_L2A/B02.tif
129,S2A_23KPR_20200213_0_L2A,https://sentinel-cogs.s3.us-west-2.amazonaws.com/sentinel-s2-l2a-cogs/23/K/NR/2020/12/S2A_23KNR_20201229_0_L2A/B04.tif,https://sentinel-cogs.s3.us-west-2.amazonaws.com/sentinel-s2-l2a-cogs/23/K/NR/2020/12/S2A_23KNR_20201229_0_L2A/B03.tif,https://sentinel-cogs.s3.us-west-2.amazonaws.com/sentinel-s2-l2a-cogs/23/K/NR/2020/12/S2A_23KNR_20201229_0_L2A/B02.tif
130,S2B_23KNR_20200208_0_L2A,https://sentinel-cogs.s3.us-west-2.amazonaws.com/sentinel-s2-l2a-cogs/23/K/NR/2020/12/S2A_23KNR_20201229_0_L2A/B04.tif,https://sentinel-cogs.s3.us-west-2.amazonaws.com/sentinel-s2-l2a-cogs/23/K/NR/2020/12/S2A_23KNR_20201229_0_L2A/B03.tif,https://sentinel-cogs.s3.us-west-2.amazonaws.com/sentinel-s2-l2a-cogs/23/K/NR/2020/12/S2A_23KNR_20201229_0_L2A/B02.tif
131,S2B_23KPR_20200208_0_L2A,https://sentinel-cogs.s3.us-west-2.amazonaws.com/sentinel-s2-l2a-cogs/23/K/NR/2020/12/S2A_23KNR_20201229_0_L2A/B04.tif,https://sentinel-cogs.s3.us-west-2.amazonaws.com/sentinel-s2-l2a-cogs/23/K/NR/2020/12/S2A_23KNR_20201229_0_L2A/B03.tif,https://sentinel-cogs.s3.us-west-2.amazonaws.com/sentinel-s2-l2a-cogs/23/K/NR/2020/12/S2A_23KNR_20201229_0_L2A/B02.tif
132,S2A_23KNR_20200203_0_L2A,https://sentinel-cogs.s3.us-west-2.amazonaws.com/sentinel-s2-l2a-cogs/23/K/NR/2020/12/S2A_23KNR_20201229_0_L2A/B04.tif,https://sentinel-cogs.s3.us-west-2.amazonaws.com/sentinel-s2-l2a-cogs/23/K/NR/2020/12/S2A_23KNR_20201229_0_L2A/B03.tif,https://sentinel-cogs.s3.us-west-2.amazonaws.com/sentinel-s2-l2a-cogs/23/K/NR/2020/12/S2A_23KNR_20201229_0_L2A/B02.tif
133,S2A_23KPR_20200203_0_L2A,https://sentinel-cogs.s3.us-west-2.amazonaws.com/sentinel-s2-l2a-cogs/23/K/NR/2020/12/S2A_23KNR_20201229_0_L2A/B04.tif,https://sentinel-cogs.s3.us-west-2.amazonaws.com/sentinel-s2-l2a-cogs/23/K/NR/2020/12/S2A_23KNR_20201229_0_L2A/B03.tif,https://sentinel-cogs.s3.us-west-2.amazonaws.com/sentinel-s2-l2a-cogs/23/K/NR/2020/12/S2A_23KNR_20201229_0_L2A/B02.tif
134,S2B_23KNR_20200129_0_L2A,https://sentinel-cogs.s3.us-west-2.amazonaws.com/sentinel-s2-l2a-cogs/23/K/NR/2020/12/S2A_23KNR_20201229_0_L2A/B04.tif,https://sentinel-cogs.s3.us-west-2.amazonaws.com/sentinel-s2-l2a-cogs/23/K/NR/2020/12/S2A_23KNR_20201229_0_L2A/B03.tif,https://sentinel-cogs.s3.us-west-2.amazonaws.com/sentinel-s2-l2a-cogs/23/K/NR/2020/12/S2A_23KNR_20201229_0_L2A/B02.tif
135,S2B_23KPR_20200129_0_L2A,https://sentinel-cogs.s3.us-west-2.amazonaws.com/sentinel-s2-l2a-cogs/23/K/NR/2020/12/S2A_23KNR_20201229_0_L2A/B04.tif,https://sentinel-cogs.s3.us-west-2.amazonaws.com/sentinel-s2-l2a-cogs/23/K/NR/2020/12/S2A_23KNR_20201229_0_L2A/B03.tif,https://sentinel-cogs.s3.us-west-2.amazonaws.com/sentinel-s2-l2a-cogs/23/K/NR/2020/12/S2A_23KNR_20201229_0_L2A/B02.tif
136,S2A_23KNR_20200124_0_L2A,https://sentinel-cogs.s3.us-west-2.amazonaws.com/sentinel-s2-l2a-cogs/23/K/NR/2020/12/S2A_23KNR_20201229_0_L2A/B04.tif,https://sentinel-cogs.s3.us-west-2.amazonaws.com/sentinel-s2-l2a-cogs/23/K/NR/2020/12/S2A_23KNR_20201229_0_L2A/B03.tif,https://sentinel-cogs.s3.us-west-2.amazonaws.com/sentinel-s2-l2a-cogs/23/K/NR/2020/12/S2A_23KNR_20201229_0_L2A/B02.tif
137,S2A_23KPR_20200124_0_L2A,https://sentinel-cogs.s3.us-west-2.amazonaws.com/sentinel-s2-l2a-cogs/23/K/NR/2020/12/S2A_23KNR_20201229_0_L2A/B04.tif,https://sentinel-cogs.s3.us-west-2.amazonaws.com/sentinel-s2-l2a-cogs/23/K/NR/2020/12/S2A_23KNR_20201229_0_L2A/B03.tif,https://sentinel-cogs.s3.us-west-2.amazonaws.com/sentinel-s2-l2a-cogs/23/K/NR/2020/12/S2A_23KNR_20201229_0_L2A/B02.tif
138,S2B_23KNR_20200119_0_L2A,https://sentinel-cogs.s3.us-west-2.amazonaws.com/sentinel-s2-l2a-cogs/23/K/NR/2020/12/S2A_23KNR_20201229_0_L2A/B04.tif,https://sentinel-cogs.s3.us-west-2.amazonaws.com/sentinel-s2-l2a-cogs/23/K/NR/2020/12/S2A_23KNR_20201229_0_L2A/B03.tif,https://sentinel-cogs.s3.us-west-2.amazonaws.com/sentinel-s2-l2a-cogs/23/K/NR/2020/12/S2A_23KNR_20201229_0_L2A/B02.tif
139,S2B_23KPR_20200119_0_L2A,https://sentinel-cogs.s3.us-west-2.amazonaws.com/sentinel-s2-l2a-cogs/23/K/NR/2020/12/S2A_23KNR_20201229_0_L2A/B04.tif,https://sentinel-cogs.s3.us-west-2.amazonaws.com/sentinel-s2-l2a-cogs/23/K/NR/2020/12/S2A_23KNR_20201229_0_L2A/B03.tif,https://sentinel-cogs.s3.us-west-2.amazonaws.com/sentinel-s2-l2a-cogs/23/K/NR/2020/12/S2A_23KNR_20201229_0_L2A/B02.tif
140,S2A_23KNR_20200114_0_L2A,https://sentinel-cogs.s3.us-west-2.amazonaws.com/sentinel-s2-l2a-cogs/23/K/NR/2020/12/S2A_23KNR_20201229_0_L2A/B04.tif,https://sentinel-cogs.s3.us-west-2.amazonaws.com/sentinel-s2-l2a-cogs/23/K/NR/2020/12/S2A_23KNR_20201229_0_L2A/B03.tif,https://sentinel-cogs.s3.us-west-2.amazonaws.com/sentinel-s2-l2a-cogs/23/K/NR/2020/12/S2A_23KNR_20201229_0_L2A/B02.tif
141,S2A_23KPR_20200114_0_L2A,https://sentinel-cogs.s3.us-west-2.amazonaws.com/sentinel-s2-l2a-cogs/23/K/NR/2020/12/S2A_23KNR_20201229_0_L2A/B04.tif,https://sentinel-cogs.s3.us-west-2.amazonaws.com/sentinel-s2-l2a-cogs/23/K/NR/2020/12/S2A_23KNR_20201229_0_L2A/B03.tif,https://sentinel-cogs.s3.us-west-2.amazonaws.com/sentinel-s2-l2a-cogs/23/K/NR/2020/12/S2A_23KNR_20201229_0_L2A/B02.tif
142,S2B_23KNR_20200109_0_L2A,https://sentinel-cogs.s3.us-west-2.amazonaws.com/sentinel-s2-l2a-cogs/23/K/NR/2020/12/S2A_23KNR_20201229_0_L2A/B04.tif,https://sentinel-cogs.s3.us-west-2.amazonaws.com/sentinel-s2-l2a-cogs/23/K/NR/2020/12/S2A_23KNR_20201229_0_L2A/B03.tif,https://sentinel-cogs.s3.us-west-2.amazonaws.com/sentinel-s2-l2a-cogs/23/K/NR/2020/12/S2A_23KNR_20201229_0_L2A/B02.tif
143,S2B_23KPR_20200109_0_L2A,https://sentinel-cogs.s3.us-west-2.amazonaws.com/sentinel-s2-l2a-cogs/23/K/NR/2020/12/S2A_23KNR_20201229_0_L2A/B04.tif,https://sentinel-cogs.s3.us-west-2.amazonaws.com/sentinel-s2-l2a-cogs/23/K/NR/2020/12/S2A_23KNR_20201229_0_L2A/B03.tif,https://sentinel-cogs.s3.us-west-2.amazonaws.com/sentinel-s2-l2a-cogs/23/K/NR/2020/12/S2A_23KNR_20201229_0_L2A/B02.tif
144,S2A_23KNR_20200104_0_L2A,https://sentinel-cogs.s3.us-west-2.amazonaws.com/sentinel-s2-l2a-cogs/23/K/NR/2020/12/S2A_23KNR_20201229_0_L2A/B04.tif,https://sentinel-cogs.s3.us-west-2.amazonaws.com/sentinel-s2-l2a-cogs/23/K/NR/2020/12/S2A_23KNR_20201229_0_L2A/B03.tif,https://sentinel-cogs.s3.us-west-2.amazonaws.com/sentinel-s2-l2a-cogs/23/K/NR/2020/12/S2A_23KNR_20201229_0_L2A/B02.tif
145,S2A_23KPR_20200104_0_L2A,https://sentinel-cogs.s3.us-west-2.amazonaws.com/sentinel-s2-l2a-cogs/23/K/NR/2020/12/S2A_23KNR_20201229_0_L2A/B04.tif,https://sentinel-cogs.s3.us-west-2.amazonaws.com/sentinel-s2-l2a-cogs/23/K/NR/2020/12/S2A_23KNR_20201229_0_L2A/B03.tif,https://sentinel-cogs.s3.us-west-2.amazonaws.com/sentinel-s2-l2a-cogs/23/K/NR/2020/12/S2A_23KNR_20201229_0_L2A/B02.tif
